ISO 8601 Time,Speed (cm/s),Heading (degrees),Velocity-N (cm/s),Velocity-E (cm/s)
2023-08-17T11:44:22.000,58.55,229.59,-37.96,-44.58
2023-08-17T11:59:22.000,245.25,243.37,-109.92,-219.24
2023-08-17T12:14:22.000,247.26,105.83,-67.45,237.89
2023-08-17T12:29:22.000,231.58,101.16,-44.83,227.20
2023-08-17T12:44:22.000,44.49,155.82,-40.59,18.22
2023-08-17T12:59:22.000,48.54,286.36,13.67,-46.57
2023-08-17T13:14:22.000,66.23,352.20,65.62,-8.99
2023-08-17T13:29:22.000,1.20,137.27,-0.88,0.82
2023-08-17T13:44:22.000,0.31,93.66,-0.02,0.31
2023-08-17T13:59:22.000,0.25,130.72,-0.17,0.19
2023-08-17T14:14:22.000,0.52,112.14,-0.19,0.48
2023-08-17T14:29:22.000,0.82,128.29,-0.51,0.64
2023-08-17T14:44:22.000,0.41,100.48,-0.07,0.40
2023-08-17T14:59:22.000,0.47,132.20,-0.32,0.35
2023-08-17T15:14:22.000,0.85,134.20,-0.59,0.61
2023-08-17T15:29:22.000,1.30,132.83,-0.88,0.95
2023-08-17T15:44:22.000,0.44,105.34,-0.12,0.42
2023-08-17T15:59:22.000,0.71,114.13,-0.29,0.64
2023-08-17T16:14:22.000,0.45,144.25,-0.36,0.26
2023-08-17T16:29:22.000,0.61,98.38,-0.09,0.60
2023-08-17T16:44:22.000,0.42,118.92,-0.20,0.37
2023-08-17T16:59:22.000,0.57,82.41,0.07,0.56
2023-08-17T17:14:22.000,0.45,101.71,-0.09,0.44
2023-08-17T17:29:22.000,0.53,79.48,0.10,0.52
2023-08-17T17:44:22.000,0.49,97.37,-0.06,0.49
2023-08-17T17:59:22.000,0.42,85.68,0.03,0.42
2023-08-17T18:14:22.000,0.47,99.55,-0.08,0.47
2023-08-17T18:29:22.000,0.52,62.99,0.24,0.46
2023-08-17T18:44:22.000,0.99,89.91,0.00,0.99
2023-08-17T18:59:22.000,0.22,134.84,-0.16,0.16
2023-08-17T19:14:22.000,0.42,84.98,0.04,0.42
2023-08-17T19:29:22.000,0.42,71.64,0.13,0.40
2023-08-17T19:44:22.000,0.33,100.11,-0.06,0.33
2023-08-17T19:59:22.000,0.36,113.31,-0.14,0.33
2023-08-17T20:14:22.000,0.40,112.20,-0.15,0.37
2023-08-17T20:29:22.000,0.51,121.74,-0.27,0.43
2023-08-17T20:44:22.000,0.35,132.86,-0.24,0.25
2023-08-17T20:59:22.000,0.41,112.85,-0.16,0.38
2023-08-17T21:14:22.000,0.44,118.20,-0.21,0.39
2023-08-17T21:29:22.000,0.39,106.09,-0.11,0.38
2023-08-17T21:44:22.000,0.33,98.04,-0.05,0.33
2023-08-17T21:59:22.000,0.30,174.61,-0.30,0.03
2023-08-17T22:14:22.000,0.46,174.58,-0.46,0.04
2023-08-17T22:29:22.000,0.49,173.00,-0.49,0.06
2023-08-17T22:44:22.000,0.50,161.75,-0.47,0.16
2023-08-17T22:59:22.000,0.22,147.38,-0.19,0.12
2023-08-17T23:14:22.000,0.24,99.96,-0.04,0.23
2023-08-17T23:29:22.000,0.22,143.45,-0.18,0.13
2023-08-17T23:44:22.000,0.51,177.70,-0.51,0.02
2023-08-17T23:59:22.000,0.27,133.68,-0.19,0.20
2023-08-18T00:14:22.000,0.19,131.48,-0.13,0.15
2023-08-18T00:29:22.000,0.31,96.81,-0.04,0.31
2023-08-18T00:44:22.000,0.21,113.90,-0.09,0.19
2023-08-18T00:59:22.000,0.30,98.25,-0.04,0.29
2023-08-18T01:14:22.000,0.30,112.93,-0.12,0.27
2023-08-18T01:29:22.000,0.19,78.60,0.04,0.18
2023-08-18T01:44:22.000,0.29,90.65,-0.00,0.29
2023-08-18T01:59:22.000,0.18,134.00,-0.13,0.13
2023-08-18T02:14:22.000,0.34,124.11,-0.19,0.28
2023-08-18T02:29:22.000,0.22,111.11,-0.08,0.21
2023-08-18T02:44:22.000,0.26,109.29,-0.09,0.24
2023-08-18T02:59:22.000,0.27,72.05,0.08,0.26
2023-08-18T03:14:22.000,0.30,86.39,0.02,0.30
2023-08-18T03:29:22.000,0.40,61.65,0.19,0.35
2023-08-18T03:44:22.000,0.15,314.69,0.11,-0.11
2023-08-18T03:59:22.000,0.42,17.62,0.40,0.13
2023-08-18T04:14:22.000,0.76,295.02,0.32,-0.69
2023-08-18T04:29:22.000,0.58,261.43,-0.09,-0.58
2023-08-18T04:44:22.000,0.48,165.53,-0.46,0.12
2023-08-18T04:59:22.000,0.15,193.01,-0.14,-0.03
2023-08-18T05:14:22.000,0.08,171.31,-0.08,0.01
2023-08-18T05:29:22.000,0.14,105.94,-0.04,0.13
2023-08-18T05:44:22.000,0.13,186.03,-0.13,-0.01
2023-08-18T05:59:22.000,0.46,134.75,-0.32,0.33
2023-08-18T06:14:22.000,0.24,126.31,-0.14,0.19
2023-08-18T06:29:22.000,0.32,87.56,0.01,0.32
2023-08-18T06:44:22.000,0.31,112.07,-0.12,0.29
2023-08-18T06:59:22.000,0.51,86.96,0.03,0.51
2023-08-18T07:14:22.000,0.32,64.81,0.13,0.29
2023-08-18T07:29:22.000,0.46,121.31,-0.24,0.40
2023-08-18T07:44:22.000,0.25,104.31,-0.06,0.24
2023-08-18T07:59:22.000,0.24,119.67,-0.12,0.21
2023-08-18T08:14:22.000,0.31,152.94,-0.28,0.14
2023-08-18T08:29:22.000,0.20,86.27,0.01,0.20
2023-08-18T08:44:22.000,0.32,105.46,-0.09,0.31
2023-08-18T08:59:22.000,0.30,97.20,-0.04,0.30
2023-08-18T09:14:22.000,0.47,120.20,-0.24,0.41
2023-08-18T09:29:22.000,0.17,130.99,-0.11,0.13
2023-08-18T09:44:22.000,0.37,102.83,-0.08,0.37
2023-08-18T09:59:22.000,0.36,102.23,-0.08,0.36
2023-08-18T10:14:22.000,0.53,228.82,-0.35,-0.40
2023-08-18T10:29:22.000,3.02,9.73,2.98,0.51
2023-08-18T10:44:22.000,0.35,122.59,-0.19,0.29
2023-08-18T10:59:22.000,0.61,141.63,-0.48,0.38
2023-08-18T11:14:22.000,0.92,109.61,-0.31,0.87
2023-08-18T11:29:22.000,1.93,130.63,-1.26,1.47
2023-08-18T11:44:22.000,1.54,134.35,-1.08,1.10
2023-08-18T11:59:22.000,1.91,154.69,-1.73,0.82
2023-08-18T12:14:22.000,1.91,137.11,-1.40,1.30
2023-08-18T12:29:22.000,3.11,141.40,-2.43,1.94
2023-08-18T12:44:22.000,3.14,152.21,-2.78,1.46
2023-08-18T12:59:22.000,1.80,142.39,-1.43,1.10
2023-08-18T13:14:22.000,1.87,143.97,-1.51,1.10
2023-08-18T13:29:22.000,1.66,126.69,-0.99,1.33
2023-08-18T13:44:22.000,1.41,140.85,-1.10,0.89
2023-08-18T13:59:22.000,1.29,126.28,-0.76,1.04
2023-08-18T14:14:22.000,0.85,108.44,-0.27,0.81
2023-08-18T14:29:22.000,0.78,98.36,-0.11,0.77
2023-08-18T14:44:22.000,1.41,132.13,-0.95,1.05
2023-08-18T14:59:22.000,0.88,114.76,-0.37,0.80
2023-08-18T15:14:22.000,0.75,97.97,-0.10,0.75
2023-08-18T15:29:22.000,0.80,110.23,-0.28,0.75
2023-08-18T15:44:22.000,0.83,110.14,-0.29,0.78
2023-08-18T15:59:22.000,0.66,124.82,-0.38,0.54
2023-08-18T16:14:22.000,0.86,102.31,-0.18,0.84
2023-08-18T16:29:22.000,0.66,84.41,0.06,0.66
2023-08-18T16:44:22.000,0.78,76.54,0.18,0.76
2023-08-18T16:59:22.000,0.56,135.30,-0.40,0.40
2023-08-18T17:14:22.000,0.39,68.90,0.14,0.36
2023-08-18T17:29:22.000,0.39,88.08,0.01,0.39
2023-08-18T17:44:22.000,0.34,99.11,-0.05,0.34
2023-08-18T17:59:22.000,0.40,97.58,-0.05,0.39
2023-08-18T18:14:22.000,0.46,74.39,0.12,0.44
2023-08-18T18:29:22.000,0.46,103.26,-0.10,0.44
2023-08-18T18:44:22.000,0.47,117.90,-0.22,0.42
2023-08-18T18:59:22.000,0.31,86.53,0.02,0.31
2023-08-18T19:14:22.000,0.66,73.86,0.18,0.63
2023-08-18T19:29:22.000,0.54,88.30,0.02,0.54
2023-08-18T19:44:22.000,0.47,87.30,0.02,0.46
2023-08-18T19:59:22.000,0.60,87.20,0.03,0.60
2023-08-18T20:14:22.000,0.45,82.45,0.06,0.45
2023-08-18T20:29:22.000,0.38,87.07,0.02,0.38
2023-08-18T20:44:22.000,0.31,136.00,-0.22,0.22
2023-08-18T20:59:22.000,0.39,93.15,-0.02,0.39
2023-08-18T21:14:22.000,0.31,100.02,-0.05,0.31
2023-08-18T21:29:22.000,0.85,295.44,0.37,-0.77
2023-08-18T21:44:22.000,0.53,119.27,-0.26,0.46
2023-08-18T21:59:22.000,0.70,147.66,-0.59,0.37
2023-08-18T22:14:22.000,0.58,116.40,-0.26,0.52
2023-08-18T22:29:22.000,0.29,111.27,-0.11,0.27
2023-08-18T22:44:22.000,0.30,120.65,-0.15,0.26
2023-08-18T22:59:22.000,0.27,148.80,-0.23,0.14
2023-08-18T23:14:22.000,0.08,81.92,0.01,0.08
2023-08-18T23:29:22.000,0.21,139.65,-0.16,0.13
2023-08-18T23:44:22.000,0.31,179.79,-0.31,0.00
2023-08-18T23:59:22.000,0.16,115.96,-0.07,0.15
2023-08-19T00:14:22.000,0.29,104.32,-0.07,0.28
2023-08-19T00:29:22.000,0.33,181.59,-0.33,-0.01
2023-08-19T00:44:22.000,0.51,172.61,-0.51,0.07
2023-08-19T00:59:22.000,0.29,146.09,-0.24,0.16
2023-08-19T01:14:22.000,0.42,188.34,-0.41,-0.06
2023-08-19T01:29:22.000,0.34,147.04,-0.29,0.19
2023-08-19T01:44:22.000,0.36,177.85,-0.36,0.01
2023-08-19T01:59:22.000,0.34,142.96,-0.27,0.21
2023-08-19T02:14:22.000,0.20,110.98,-0.07,0.19
2023-08-19T02:29:22.000,0.28,135.44,-0.20,0.20
2023-08-19T02:44:22.000,0.38,131.89,-0.25,0.28
2023-08-19T02:59:22.000,0.27,140.85,-0.21,0.17
2023-08-19T03:14:22.000,0.25,144.78,-0.20,0.14
2023-08-19T03:29:22.000,0.15,140.20,-0.12,0.10
2023-08-19T03:44:22.000,0.51,222.29,-0.38,-0.34
2023-08-19T03:59:22.000,0.44,186.50,-0.44,-0.05
2023-08-19T04:14:22.000,0.44,263.10,-0.05,-0.44
2023-08-19T04:29:22.000,0.28,184.94,-0.28,-0.02
2023-08-19T04:44:22.000,0.45,199.86,-0.42,-0.15
2023-08-19T04:59:22.000,0.35,207.84,-0.31,-0.16
2023-08-19T05:14:22.000,0.43,206.54,-0.38,-0.19
2023-08-19T05:29:22.000,0.22,86.57,0.01,0.22
2023-08-19T05:44:22.000,0.36,139.83,-0.28,0.23
2023-08-19T05:59:22.000,0.28,84.56,0.03,0.28
2023-08-19T06:14:22.000,0.21,98.15,-0.03,0.21
2023-08-19T06:29:22.000,0.18,127.65,-0.11,0.14
2023-08-19T06:44:22.000,0.23,107.72,-0.07,0.22
2023-08-19T06:59:22.000,0.29,127.11,-0.18,0.23
2023-08-19T07:14:22.000,0.26,109.83,-0.09,0.25
2023-08-19T07:29:22.000,0.26,107.18,-0.08,0.25
2023-08-19T07:44:22.000,0.24,174.00,-0.24,0.03
2023-08-19T07:59:22.000,0.29,80.90,0.05,0.28
2023-08-19T08:14:22.000,0.29,137.63,-0.22,0.20
2023-08-19T08:29:22.000,0.22,114.17,-0.09,0.20
2023-08-19T08:44:22.000,0.31,215.59,-0.26,-0.18
2023-08-19T08:59:22.000,0.18,109.45,-0.06,0.17
2023-08-19T09:14:22.000,0.53,218.39,-0.42,-0.33
2023-08-19T09:29:22.000,0.40,247.51,-0.15,-0.37
2023-08-19T09:44:22.000,0.32,124.56,-0.18,0.26
2023-08-19T09:59:22.000,0.38,129.10,-0.24,0.30
2023-08-19T10:14:22.000,0.31,73.81,0.09,0.30
2023-08-19T10:29:22.000,0.28,120.74,-0.14,0.24
2023-08-19T10:44:22.000,0.44,118.30,-0.21,0.39
2023-08-19T10:59:22.000,0.95,84.19,0.10,0.94
2023-08-19T11:14:22.000,0.59,127.65,-0.36,0.47
2023-08-19T11:29:22.000,0.55,83.36,0.06,0.54
2023-08-19T11:44:22.000,0.48,94.05,-0.03,0.47
2023-08-19T11:59:22.000,0.67,102.03,-0.14,0.65
2023-08-19T12:14:22.000,1.93,133.68,-1.33,1.40
2023-08-19T12:29:22.000,0.84,102.34,-0.18,0.82
2023-08-19T12:44:22.000,1.09,125.68,-0.64,0.89
2023-08-19T12:59:22.000,0.65,129.52,-0.41,0.50
2023-08-19T13:14:22.000,1.19,126.41,-0.71,0.96
2023-08-19T13:29:22.000,0.66,98.77,-0.10,0.65
2023-08-19T13:44:22.000,0.44,88.26,0.01,0.44
2023-08-19T13:59:22.000,1.10,91.75,-0.03,1.10
2023-08-19T14:14:22.000,0.48,127.01,-0.29,0.38
2023-08-19T14:29:22.000,0.55,124.27,-0.31,0.46
2023-08-19T14:44:22.000,0.77,111.34,-0.28,0.72
2023-08-19T14:59:22.000,0.76,120.84,-0.39,0.65
2023-08-19T15:14:22.000,0.84,95.38,-0.08,0.84
2023-08-19T15:29:22.000,0.63,86.33,0.04,0.62
2023-08-19T15:44:22.000,0.54,100.27,-0.10,0.53
2023-08-19T15:59:22.000,0.64,75.67,0.16,0.62
2023-08-19T16:14:22.000,0.70,106.91,-0.20,0.67
2023-08-19T16:29:22.000,0.52,133.14,-0.36,0.38
2023-08-19T16:44:22.000,0.42,79.31,0.08,0.42
2023-08-19T16:59:22.000,0.42,75.85,0.10,0.41
2023-08-19T17:14:22.000,0.37,71.16,0.12,0.35
2023-08-19T17:29:22.000,0.73,89.09,0.01,0.73
2023-08-19T17:44:22.000,0.34,92.77,-0.02,0.34
2023-08-19T17:59:22.000,0.45,105.19,-0.12,0.43
2023-08-19T18:14:22.000,0.67,97.94,-0.09,0.66
2023-08-19T18:29:22.000,0.45,65.98,0.18,0.41
2023-08-19T18:44:22.000,0.56,74.21,0.15,0.54
2023-08-19T18:59:22.000,0.33,78.99,0.06,0.32
2023-08-19T19:14:22.000,0.57,48.33,0.38,0.43
2023-08-19T19:29:22.000,0.56,63.77,0.25,0.50
2023-08-19T19:44:22.000,0.41,59.64,0.21,0.36
2023-08-19T19:59:22.000,0.48,65.13,0.20,0.44
2023-08-19T20:14:22.000,0.58,59.42,0.29,0.50
2023-08-19T20:29:22.000,0.59,111.10,-0.21,0.55
2023-08-19T20:44:22.000,0.18,106.05,-0.05,0.17
2023-08-19T20:59:22.000,0.33,125.54,-0.19,0.27
2023-08-19T21:14:22.000,0.45,76.11,0.11,0.43
2023-08-19T21:29:22.000,0.51,110.79,-0.18,0.47
2023-08-19T21:44:22.000,0.50,90.48,-0.00,0.50
2023-08-19T21:59:22.000,0.43,109.46,-0.14,0.41
2023-08-19T22:14:22.000,0.33,124.35,-0.19,0.28
2023-08-19T22:29:22.000,0.65,75.64,0.16,0.63
2023-08-19T22:44:22.000,0.65,116.84,-0.29,0.58
2023-08-19T22:59:22.000,0.31,70.79,0.10,0.30
2023-08-19T23:14:22.000,0.48,169.61,-0.47,0.09
2023-08-19T23:29:22.000,0.36,81.48,0.05,0.35
2023-08-19T23:44:22.000,0.34,89.92,0.00,0.34
2023-08-19T23:59:22.000,0.26,101.42,-0.05,0.25
2023-08-20T00:14:22.000,0.38,95.15,-0.03,0.38
2023-08-20T00:29:22.000,0.29,87.54,0.01,0.29
2023-08-20T00:44:22.000,0.38,105.52,-0.10,0.37
2023-08-20T00:59:22.000,0.37,174.19,-0.36,0.04
2023-08-20T01:14:22.000,0.19,133.06,-0.13,0.14
2023-08-20T01:29:22.000,0.06,14.76,0.06,0.01
2023-08-20T01:44:22.000,0.37,156.21,-0.34,0.15
2023-08-20T01:59:22.000,0.27,113.27,-0.11,0.25
2023-08-20T02:14:22.000,0.35,112.48,-0.14,0.33
2023-08-20T02:29:22.000,0.11,154.50,-0.10,0.05
2023-08-20T02:44:22.000,0.38,117.18,-0.17,0.34
2023-08-20T02:59:22.000,0.25,130.62,-0.16,0.19
2023-08-20T03:14:22.000,0.49,70.80,0.16,0.46
2023-08-20T03:29:22.000,0.27,135.37,-0.19,0.19
2023-08-20T03:44:22.000,0.25,79.58,0.04,0.24
2023-08-20T03:59:22.000,0.42,72.16,0.13,0.40
2023-08-20T04:14:22.000,0.36,35.99,0.29,0.21
2023-08-20T04:29:22.000,0.30,3.04,0.30,0.02
2023-08-20T04:44:22.000,0.33,350.84,0.32,-0.05
2023-08-20T04:59:22.000,0.19,105.68,-0.05,0.18
2023-08-20T05:14:22.000,0.21,103.85,-0.05,0.20
2023-08-20T05:29:22.000,0.29,83.80,0.03,0.29
2023-08-20T05:44:22.000,0.15,92.85,-0.01,0.15
2023-08-20T05:59:22.000,0.07,270.70,0.00,-0.07
2023-08-20T06:14:22.000,0.13,91.45,-0.00,0.13
2023-08-20T06:29:22.000,0.04,42.87,0.03,0.03
2023-08-20T06:44:22.000,0.26,94.53,-0.02,0.26
2023-08-20T06:59:22.000,0.29,194.27,-0.28,-0.07
2023-08-20T07:14:22.000,0.30,45.01,0.21,0.21
2023-08-20T07:29:22.000,0.15,105.47,-0.04,0.15
2023-08-20T07:44:22.000,0.49,161.10,-0.46,0.16
2023-08-20T07:59:22.000,0.38,210.33,-0.33,-0.19
2023-08-20T08:14:22.000,0.49,175.03,-0.48,0.04
2023-08-20T08:29:22.000,0.36,168.24,-0.35,0.07
2023-08-20T08:44:22.000,0.11,188.93,-0.11,-0.02
2023-08-20T08:59:22.000,0.37,169.26,-0.36,0.07
2023-08-20T09:14:22.000,0.55,201.11,-0.52,-0.20
2023-08-20T09:29:22.000,0.28,157.82,-0.26,0.11
2023-08-20T09:44:22.000,0.49,162.83,-0.47,0.15
2023-08-20T09:59:22.000,0.42,148.35,-0.36,0.22
2023-08-20T10:14:22.000,0.41,78.51,0.08,0.40
2023-08-20T10:29:22.000,0.36,138.12,-0.26,0.24
2023-08-20T10:44:22.000,0.39,121.47,-0.20,0.33
2023-08-20T10:59:22.000,0.63,97.62,-0.08,0.62
2023-08-20T11:14:22.000,0.69,73.28,0.20,0.66
2023-08-20T11:29:22.000,1.98,134.13,-1.38,1.42
2023-08-20T11:44:22.000,0.14,114.77,-0.06,0.13
2023-08-20T11:59:22.000,0.63,106.19,-0.18,0.61
2023-08-20T12:14:22.000,0.52,110.71,-0.18,0.49
2023-08-20T12:29:22.000,0.56,157.24,-0.51,0.22
2023-08-20T12:44:22.000,0.28,133.32,-0.19,0.20
2023-08-20T12:59:22.000,0.53,83.84,0.06,0.53
2023-08-20T13:14:22.000,0.39,113.08,-0.15,0.36
2023-08-20T13:29:22.000,1.62,119.15,-0.79,1.42
2023-08-20T13:44:22.000,1.45,143.43,-1.16,0.86
2023-08-20T13:59:22.000,1.33,139.60,-1.01,0.86
2023-08-20T14:14:22.000,1.05,138.02,-0.78,0.71
2023-08-20T14:29:22.000,0.91,122.78,-0.49,0.77
2023-08-20T14:44:22.000,0.38,124.04,-0.22,0.32
2023-08-20T14:59:22.000,0.37,133.67,-0.26,0.27
2023-08-20T15:14:22.000,0.53,89.53,0.00,0.53
2023-08-20T15:29:22.000,0.65,56.03,0.36,0.54
2023-08-20T15:44:22.000,0.36,76.35,0.08,0.35
2023-08-20T15:59:22.000,0.38,78.11,0.08,0.37
2023-08-20T16:14:22.000,0.51,123.81,-0.28,0.42
2023-08-20T16:29:22.000,0.21,281.52,0.04,-0.20
2023-08-20T16:44:22.000,0.34,52.59,0.21,0.27
2023-08-20T16:59:22.000,0.35,137.06,-0.26,0.24
2023-08-20T17:14:22.000,0.31,34.31,0.25,0.17
2023-08-20T17:29:22.000,0.31,50.19,0.20,0.24
2023-08-20T17:44:22.000,0.19,87.33,0.01,0.19
2023-08-20T17:59:22.000,0.43,38.62,0.34,0.27
2023-08-20T18:14:22.000,0.27,168.11,-0.26,0.05
2023-08-20T18:29:22.000,0.27,67.44,0.10,0.25
2023-08-20T18:44:22.000,0.22,173.15,-0.22,0.03
2023-08-20T18:59:22.000,0.25,341.81,0.24,-0.08
2023-08-20T19:14:22.000,0.65,32.62,0.55,0.35
2023-08-20T19:29:22.000,0.31,105.32,-0.08,0.30
2023-08-20T19:44:22.000,0.19,346.56,0.18,-0.04
2023-08-20T19:59:22.000,0.31,116.82,-0.14,0.28
2023-08-20T20:14:22.000,0.77,27.20,0.68,0.35
2023-08-20T20:29:22.000,0.57,41.23,0.43,0.38
2023-08-20T20:44:22.000,0.48,30.56,0.41,0.24
2023-08-20T20:59:22.000,0.47,28.41,0.42,0.23
2023-08-20T21:14:22.000,0.39,19.80,0.36,0.13
2023-08-20T21:29:22.000,0.46,354.63,0.46,-0.04
2023-08-20T21:44:22.000,0.33,35.94,0.27,0.20
2023-08-20T21:59:22.000,0.84,346.72,0.82,-0.19
2023-08-20T22:14:22.000,0.57,23.76,0.52,0.23
2023-08-20T22:29:22.000,0.53,335.53,0.49,-0.22
2023-08-20T22:44:22.000,0.46,11.68,0.45,0.09
2023-08-20T22:59:22.000,0.58,1.31,0.58,0.01
2023-08-20T23:14:22.000,0.57,81.15,0.09,0.56
2023-08-20T23:29:22.000,0.36,3.87,0.36,0.02
2023-08-20T23:44:22.000,0.65,10.72,0.64,0.12
2023-08-20T23:59:22.000,0.44,31.80,0.37,0.23
2023-08-21T00:14:22.000,0.43,32.18,0.37,0.23
2023-08-21T00:29:22.000,0.45,13.40,0.44,0.10
2023-08-21T00:44:22.000,0.53,6.30,0.53,0.06
2023-08-21T00:59:22.000,0.48,12.87,0.47,0.11
2023-08-21T01:14:22.000,0.29,348.46,0.29,-0.06
2023-08-21T01:29:22.000,0.20,347.81,0.20,-0.04
2023-08-21T01:44:22.000,0.47,40.63,0.36,0.31
2023-08-21T01:59:22.000,0.55,307.17,0.33,-0.44
2023-08-21T02:14:22.000,0.33,352.13,0.32,-0.04
2023-08-21T02:29:22.000,0.41,258.51,-0.08,-0.40
2023-08-21T02:44:22.000,0.81,38.47,0.64,0.51
2023-08-21T02:59:22.000,1.10,317.85,0.82,-0.74
2023-08-21T03:14:22.000,1.31,324.73,1.07,-0.76
2023-08-21T03:29:22.000,1.37,314.97,0.97,-0.97
2023-08-21T03:44:22.000,0.15,227.05,-0.10,-0.11
2023-08-21T03:59:22.000,0.70,282.61,0.15,-0.68
2023-08-21T04:14:22.000,1.34,284.37,0.33,-1.30
2023-08-21T04:29:22.000,0.35,246.07,-0.14,-0.32
2023-08-21T04:44:22.000,0.33,338.84,0.31,-0.12
2023-08-21T04:59:22.000,0.22,320.62,0.17,-0.14
2023-08-21T05:14:22.000,0.24,283.39,0.06,-0.23
2023-08-21T05:29:22.000,0.56,350.64,0.56,-0.09
2023-08-21T05:44:22.000,0.33,20.32,0.31,0.12
2023-08-21T05:59:22.000,0.40,37.46,0.32,0.24
2023-08-21T06:14:22.000,0.23,9.42,0.22,0.04
2023-08-21T06:29:22.000,0.66,49.92,0.42,0.50
2023-08-21T06:44:22.000,0.44,348.33,0.43,-0.09
2023-08-21T06:59:22.000,0.11,252.74,-0.03,-0.11
2023-08-21T07:14:22.000,0.51,359.56,0.51,-0.00
2023-08-21T07:29:22.000,0.56,348.23,0.55,-0.11
2023-08-21T07:44:22.000,0.88,343.42,0.85,-0.25
2023-08-21T07:59:22.000,0.25,352.07,0.25,-0.03
2023-08-21T08:14:22.000,0.17,308.03,0.11,-0.14
2023-08-21T08:29:22.000,0.19,146.91,-0.16,0.11
2023-08-21T08:44:22.000,0.52,297.04,0.24,-0.46
2023-08-21T08:59:22.000,0.98,354.46,0.97,-0.09
2023-08-21T09:14:22.000,1.43,316.88,1.05,-0.98
2023-08-21T09:29:22.000,0.12,38.27,0.09,0.07
2023-08-21T09:44:22.000,0.14,6.99,0.14,0.02
2023-08-21T09:59:22.000,0.24,330.73,0.21,-0.12
2023-08-21T10:14:22.000,0.33,2.83,0.33,0.02
2023-08-21T10:29:22.000,0.51,58.13,0.27,0.44
2023-08-21T10:44:22.000,0.37,58.21,0.20,0.32
2023-08-21T10:59:22.000,0.35,33.51,0.29,0.19
2023-08-21T11:14:22.000,0.58,35.15,0.48,0.34
2023-08-21T11:29:22.000,0.91,74.35,0.25,0.88
2023-08-21T11:44:22.000,0.44,90.05,-0.00,0.44
2023-08-21T11:59:22.000,1.04,344.31,1.00,-0.28
2023-08-21T12:14:22.000,0.66,59.71,0.33,0.57
2023-08-21T12:29:22.000,0.47,33.58,0.39,0.26
2023-08-21T12:44:22.000,0.50,58.53,0.26,0.43
2023-08-21T12:59:22.000,0.43,356.67,0.43,-0.02
2023-08-21T13:14:22.000,0.17,269.20,-0.00,-0.17
2023-08-21T13:29:22.000,0.01,141.85,-0.00,0.00
2023-08-21T13:44:22.000,0.05,142.05,-0.04,0.03
2023-08-21T13:59:22.000,0.29,320.56,0.22,-0.18
2023-08-21T14:14:22.000,0.37,30.77,0.32,0.19
2023-08-21T14:29:22.000,0.60,12.92,0.59,0.14
2023-08-21T14:44:22.000,0.48,126.57,-0.29,0.39
2023-08-21T14:59:22.000,0.10,64.94,0.04,0.09
2023-08-21T15:14:22.000,0.35,24.21,0.32,0.14
2023-08-21T15:29:22.000,0.55,57.58,0.29,0.46
2023-08-21T15:44:22.000,0.51,45.45,0.36,0.37
2023-08-21T15:59:22.000,0.48,43.18,0.35,0.33
2023-08-21T16:14:22.000,0.25,63.66,0.11,0.22
2023-08-21T16:29:22.000,0.38,22.11,0.35,0.14
2023-08-21T16:44:22.000,0.04,292.20,0.02,-0.04
2023-08-21T16:59:22.000,0.34,358.55,0.34,-0.01
2023-08-21T17:14:22.000,0.28,344.13,0.27,-0.08
2023-08-21T17:29:22.000,0.60,0.83,0.60,0.01
2023-08-21T17:44:22.000,1.54,124.21,-0.87,1.27
2023-08-21T17:59:22.000,0.15,18.39,0.15,0.05
2023-08-21T18:14:22.000,0.37,98.13,-0.05,0.36
2023-08-21T18:29:22.000,0.33,36.43,0.26,0.19
2023-08-21T18:44:22.000,0.56,240.01,-0.28,-0.49
2023-08-21T18:59:22.000,0.61,311.13,0.40,-0.46
2023-08-21T19:14:22.000,1.00,146.10,-0.83,0.56
2023-08-21T19:29:22.000,0.92,157.59,-0.85,0.35
2023-08-21T19:44:22.000,0.08,125.13,-0.04,0.06
2023-08-21T19:59:22.000,0.12,358.85,0.12,-0.00
2023-08-21T20:14:22.000,0.60,13.22,0.58,0.14
2023-08-21T20:29:22.000,0.50,309.39,0.32,-0.39
2023-08-21T20:44:22.000,0.36,340.85,0.34,-0.12
2023-08-21T20:59:22.000,0.30,254.85,-0.08,-0.29
2023-08-21T21:14:22.000,0.04,143.10,-0.03,0.02
2023-08-21T21:29:22.000,0.30,31.81,0.25,0.16
2023-08-21T21:44:22.000,0.36,271.05,0.01,-0.36
2023-08-21T21:59:22.000,0.19,300.30,0.10,-0.17
2023-08-21T22:14:22.000,0.08,128.24,-0.05,0.06
2023-08-21T22:29:22.000,0.26,1.68,0.26,0.01
2023-08-21T22:44:22.000,0.24,227.14,-0.16,-0.17
2023-08-21T22:59:22.000,0.04,334.71,0.04,-0.02
2023-08-21T23:14:22.000,0.37,347.35,0.36,-0.08
2023-08-21T23:29:22.000,0.33,30.35,0.29,0.17
2023-08-21T23:44:22.000,0.20,330.53,0.18,-0.10
2023-08-21T23:59:22.000,0.37,346.48,0.36,-0.09
2023-08-22T00:14:22.000,0.13,337.88,0.12,-0.05
2023-08-22T00:29:22.000,0.12,350.73,0.12,-0.02
2023-08-22T00:44:22.000,0.54,19.04,0.51,0.18
2023-08-22T00:59:22.000,0.18,49.74,0.12,0.14
2023-08-22T01:14:22.000,0.45,343.05,0.43,-0.13
2023-08-22T01:29:22.000,0.17,239.87,-0.08,-0.14
2023-08-22T01:44:22.000,0.24,332.44,0.21,-0.11
2023-08-22T01:59:22.000,0.19,359.11,0.19,-0.00
2023-08-22T02:14:22.000,0.20,357.18,0.20,-0.01
2023-08-22T02:29:22.000,0.12,11.11,0.12,0.02
2023-08-22T02:44:22.000,0.32,21.89,0.30,0.12
2023-08-22T02:59:22.000,0.15,18.47,0.14,0.05
2023-08-22T03:14:22.000,0.24,16.08,0.23,0.07
2023-08-22T03:29:22.000,0.25,350.15,0.25,-0.04
2023-08-22T03:44:22.000,0.52,8.22,0.52,0.07
2023-08-22T03:59:22.000,0.19,2.06,0.19,0.01
2023-08-22T04:14:22.000,0.25,323.47,0.20,-0.15
2023-08-22T04:29:22.000,0.32,291.60,0.12,-0.29
2023-08-22T04:44:22.000,0.44,325.92,0.36,-0.25
2023-08-22T04:59:22.000,0.31,272.62,0.01,-0.31
2023-08-22T05:14:22.000,0.26,307.66,0.16,-0.20
2023-08-22T05:29:22.000,0.34,332.05,0.30,-0.16
2023-08-22T05:44:22.000,0.34,337.07,0.31,-0.13
2023-08-22T05:59:22.000,0.51,214.17,-0.42,-0.29
2023-08-22T06:14:22.000,0.12,257.26,-0.03,-0.11
2023-08-22T06:29:22.000,0.26,328.20,0.22,-0.14
2023-08-22T06:44:22.000,0.31,320.22,0.24,-0.20
2023-08-22T06:59:22.000,0.25,340.86,0.24,-0.08
2023-08-22T07:14:22.000,0.25,312.46,0.17,-0.19
2023-08-22T07:29:22.000,0.35,287.40,0.10,-0.33
2023-08-22T07:44:22.000,0.38,298.80,0.18,-0.34
2023-08-22T07:59:22.000,0.19,339.04,0.18,-0.07
2023-08-22T08:14:22.000,0.52,22.70,0.48,0.20
2023-08-22T08:29:22.000,0.92,353.02,0.91,-0.11
2023-08-22T08:44:22.000,0.26,44.09,0.19,0.18
2023-08-22T08:59:22.000,0.32,12.54,0.32,0.07
2023-08-22T09:14:22.000,0.06,264.75,-0.01,-0.06
2023-08-22T09:29:22.000,0.24,4.93,0.24,0.02
2023-08-22T09:44:22.000,0.37,176.81,-0.37,0.02
2023-08-22T09:59:22.000,0.43,21.90,0.40,0.16
2023-08-22T10:14:22.000,0.51,3.62,0.51,0.03
2023-08-22T10:29:22.000,0.21,32.23,0.18,0.11
2023-08-22T10:44:22.000,0.22,25.63,0.20,0.09
2023-08-22T10:59:22.000,0.09,93.58,-0.01,0.09
2023-08-22T11:14:22.000,0.13,72.15,0.04,0.12
2023-08-22T11:29:22.000,0.18,34.46,0.15,0.10
2023-08-22T11:44:22.000,0.43,350.06,0.42,-0.07
2023-08-22T11:59:22.000,0.44,86.59,0.03,0.44
2023-08-22T12:14:22.000,0.28,3.98,0.28,0.02
2023-08-22T12:29:22.000,0.20,64.00,0.09,0.18
2023-08-22T12:44:22.000,0.25,345.78,0.24,-0.06
2023-08-22T12:59:22.000,0.16,58.66,0.08,0.13
2023-08-22T13:14:22.000,0.22,25.04,0.20,0.09
2023-08-22T13:29:22.000,0.28,9.99,0.28,0.05
2023-08-22T13:44:22.000,0.26,329.98,0.22,-0.13
2023-08-22T13:59:22.000,0.09,342.85,0.09,-0.03
2023-08-22T14:14:22.000,0.14,0.79,0.14,0.00
2023-08-22T14:29:22.000,0.34,10.07,0.33,0.06
2023-08-22T14:44:22.000,0.31,346.68,0.30,-0.07
2023-08-22T14:59:22.000,0.08,200.94,-0.08,-0.03
2023-08-22T15:14:22.000,0.18,256.34,-0.04,-0.17
2023-08-22T15:29:22.000,0.38,358.46,0.38,-0.01
2023-08-22T15:44:22.000,0.28,10.46,0.27,0.05
2023-08-22T15:59:22.000,0.14,309.84,0.09,-0.11
2023-08-22T16:14:22.000,0.32,330.56,0.28,-0.16
2023-08-22T16:29:22.000,0.33,17.01,0.32,0.10
2023-08-22T16:44:22.000,0.58,63.83,0.26,0.52
2023-08-22T16:59:22.000,0.65,102.16,-0.14,0.64
2023-08-22T17:14:22.000,0.63,46.92,0.43,0.46
2023-08-22T17:29:22.000,0.54,53.36,0.32,0.43
2023-08-22T17:44:22.000,0.55,73.25,0.16,0.52
2023-08-22T17:59:22.000,0.34,65.85,0.14,0.31
2023-08-22T18:14:22.000,0.31,69.02,0.11,0.29
2023-08-22T18:29:22.000,0.27,78.75,0.05,0.27
2023-08-22T18:44:22.000,0.62,80.13,0.11,0.61
2023-08-22T18:59:22.000,0.43,78.94,0.08,0.42
2023-08-22T19:14:22.000,0.25,73.59,0.07,0.24
2023-08-22T19:29:22.000,0.35,49.16,0.23,0.26
2023-08-22T19:44:22.000,0.65,68.29,0.24,0.60
2023-08-22T19:59:22.000,0.78,53.56,0.46,0.63
2023-08-22T20:14:22.000,0.39,48.63,0.26,0.30
2023-08-22T20:29:22.000,0.28,70.92,0.09,0.27
2023-08-22T20:44:22.000,0.64,67.65,0.24,0.59
2023-08-22T20:59:22.000,0.22,67.97,0.08,0.21
2023-08-22T21:14:22.000,0.49,50.15,0.32,0.38
2023-08-22T21:29:22.000,0.28,94.06,-0.02,0.28
2023-08-22T21:44:22.000,0.44,46.12,0.31,0.32
2023-08-22T21:59:22.000,0.69,47.69,0.46,0.51
2023-08-22T22:14:22.000,0.30,102.27,-0.06,0.29
2023-08-22T22:29:22.000,0.39,64.89,0.17,0.36
2023-08-22T22:44:22.000,0.49,68.24,0.18,0.45
2023-08-22T22:59:22.000,0.49,63.77,0.22,0.44
2023-08-22T23:14:22.000,0.40,62.22,0.19,0.35
2023-08-22T23:29:22.000,0.32,63.56,0.14,0.29
2023-08-22T23:44:22.000,0.39,55.66,0.22,0.33
2023-08-22T23:59:22.000,0.10,13.43,0.10,0.02
2023-08-23T00:14:22.000,0.12,73.97,0.03,0.11
2023-08-23T00:29:22.000,0.27,53.85,0.16,0.22
2023-08-23T00:44:22.000,0.12,94.29,-0.01,0.12
2023-08-23T00:59:22.000,0.14,71.14,0.05,0.14
2023-08-23T01:14:22.000,0.47,97.17,-0.06,0.47
2023-08-23T01:29:22.000,0.39,67.37,0.15,0.36
2023-08-23T01:44:22.000,0.55,83.29,0.06,0.54
2023-08-23T01:59:22.000,0.21,46.15,0.14,0.15
2023-08-23T02:14:22.000,0.22,114.39,-0.09,0.20
2023-08-23T02:29:22.000,0.45,61.23,0.22,0.39
2023-08-23T02:44:22.000,0.55,20.50,0.52,0.19
2023-08-23T02:59:22.000,0.27,86.77,0.02,0.27
2023-08-23T03:14:22.000,0.22,148.00,-0.19,0.12
2023-08-23T03:29:22.000,0.27,76.00,0.07,0.27
2023-08-23T03:44:22.000,0.22,65.55,0.09,0.20
2023-08-23T03:59:22.000,0.09,77.48,0.02,0.09
2023-08-23T04:14:22.000,0.35,54.67,0.20,0.28
2023-08-23T04:29:22.000,0.54,25.03,0.49,0.23
2023-08-23T04:44:22.000,0.29,61.24,0.14,0.26
2023-08-23T04:59:22.000,0.74,287.73,0.23,-0.71
2023-08-23T05:14:22.000,0.25,92.77,-0.01,0.25
2023-08-23T05:29:22.000,0.57,342.05,0.54,-0.17
2023-08-23T05:44:22.000,0.48,338.72,0.45,-0.17
2023-08-23T05:59:22.000,0.96,330.42,0.84,-0.47
2023-08-23T06:14:22.000,0.80,349.93,0.79,-0.14
2023-08-23T06:29:22.000,0.45,326.32,0.38,-0.25
2023-08-23T06:44:22.000,0.75,338.58,0.70,-0.27
2023-08-23T06:59:22.000,0.39,353.46,0.39,-0.04
2023-08-23T07:14:22.000,0.68,18.69,0.64,0.22
2023-08-23T07:29:22.000,1.02,1.80,1.02,0.03
2023-08-23T07:44:22.000,0.56,11.17,0.55,0.11
2023-08-23T07:59:22.000,0.86,12.06,0.84,0.18
2023-08-23T08:14:22.000,0.84,17.48,0.80,0.25
2023-08-23T08:29:22.000,0.51,12.19,0.50,0.11
2023-08-23T08:44:22.000,0.51,357.71,0.51,-0.02
2023-08-23T08:59:22.000,0.40,89.60,0.00,0.40
2023-08-23T09:14:22.000,0.57,7.54,0.57,0.07
2023-08-23T09:29:22.000,0.63,16.67,0.61,0.18
2023-08-23T09:44:22.000,0.47,19.10,0.45,0.15
2023-08-23T09:59:22.000,0.41,24.73,0.37,0.17
2023-08-23T10:14:22.000,0.25,6.77,0.25,0.03
2023-08-23T10:29:22.000,0.40,55.37,0.23,0.33
2023-08-23T10:44:22.000,0.31,16.92,0.30,0.09
2023-08-23T10:59:22.000,0.30,134.43,-0.21,0.21
2023-08-23T11:14:22.000,0.11,219.97,-0.08,-0.07
2023-08-23T11:29:22.000,0.36,357.64,0.36,-0.01
2023-08-23T11:44:22.000,0.42,70.69,0.14,0.39
2023-08-23T11:59:22.000,0.29,37.39,0.23,0.18
2023-08-23T12:14:22.000,0.50,63.78,0.22,0.45
2023-08-23T12:29:22.000,0.38,50.52,0.24,0.29
2023-08-23T12:44:22.000,0.50,88.37,0.01,0.50
2023-08-23T12:59:22.000,0.48,56.28,0.27,0.40
2023-08-23T13:14:22.000,1.23,149.86,-1.07,0.62
2023-08-23T13:29:22.000,0.66,84.82,0.06,0.66
2023-08-23T13:44:22.000,1.73,146.86,-1.45,0.95
2023-08-23T13:59:22.000,1.40,104.94,-0.36,1.36
2023-08-23T14:14:22.000,1.29,130.62,-0.84,0.98
2023-08-23T14:29:22.000,0.78,138.65,-0.58,0.51
2023-08-23T14:44:22.000,1.02,103.82,-0.24,0.99
2023-08-23T14:59:22.000,0.94,149.78,-0.82,0.47
2023-08-23T15:14:22.000,0.52,113.41,-0.21,0.48
2023-08-23T15:29:22.000,0.48,109.85,-0.16,0.45
2023-08-23T15:44:22.000,0.85,101.95,-0.18,0.83
2023-08-23T15:59:22.000,0.92,122.14,-0.49,0.78
2023-08-23T16:14:22.000,0.37,100.47,-0.07,0.37
2023-08-23T16:29:22.000,0.73,86.77,0.04,0.73
2023-08-23T16:44:22.000,0.10,38.51,0.08,0.07
2023-08-23T16:59:22.000,0.75,133.99,-0.52,0.54
2023-08-23T17:14:22.000,0.31,122.96,-0.17,0.26
2023-08-23T17:29:22.000,0.57,69.77,0.20,0.53
2023-08-23T17:44:22.000,0.43,27.75,0.38,0.20
2023-08-23T17:59:22.000,0.46,50.55,0.29,0.35
2023-08-23T18:14:22.000,0.58,31.51,0.49,0.30
2023-08-23T18:29:22.000,0.55,40.69,0.41,0.36
2023-08-23T18:44:22.000,0.01,31.63,0.01,0.00
2023-08-23T18:59:22.000,0.59,24.34,0.53,0.24
2023-08-23T19:14:22.000,0.58,351.56,0.57,-0.08
2023-08-23T19:29:22.000,0.33,31.24,0.28,0.17
2023-08-23T19:44:22.000,0.41,15.96,0.40,0.11
2023-08-23T19:59:22.000,0.49,2.30,0.49,0.02
2023-08-23T20:14:22.000,0.22,346.36,0.22,-0.05
2023-08-23T20:29:22.000,0.59,15.70,0.57,0.16
2023-08-23T20:44:22.000,0.52,16.86,0.50,0.15
2023-08-23T20:59:22.000,0.52,8.67,0.51,0.08
2023-08-23T21:14:22.000,0.31,12.28,0.30,0.07
2023-08-23T21:29:22.000,0.68,16.00,0.65,0.19
2023-08-23T21:44:22.000,0.12,60.59,0.06,0.11
2023-08-23T21:59:22.000,0.32,21.26,0.29,0.11
2023-08-23T22:14:22.000,0.60,35.20,0.49,0.35
2023-08-23T22:29:22.000,0.33,73.38,0.10,0.32
2023-08-23T22:44:22.000,0.15,356.75,0.15,-0.01
2023-08-23T22:59:22.000,0.23,320.10,0.18,-0.15
2023-08-23T23:14:22.000,0.38,20.66,0.36,0.14
2023-08-23T23:29:22.000,0.28,347.22,0.27,-0.06
2023-08-23T23:44:22.000,0.29,2.32,0.29,0.01
2023-08-23T23:59:22.000,0.50,23.43,0.46,0.20
2023-08-24T00:14:22.000,0.24,7.77,0.24,0.03
2023-08-24T00:29:22.000,0.45,5.22,0.45,0.04
2023-08-24T00:44:22.000,0.29,348.19,0.28,-0.06
2023-08-24T00:59:22.000,0.60,340.05,0.56,-0.20
2023-08-24T01:14:22.000,0.38,335.22,0.34,-0.16
2023-08-24T01:29:22.000,0.28,329.74,0.24,-0.14
2023-08-24T01:44:22.000,0.35,358.30,0.35,-0.01
2023-08-24T01:59:22.000,0.32,325.69,0.27,-0.18
2023-08-24T02:14:22.000,0.09,314.80,0.07,-0.07
2023-08-24T02:29:22.000,0.22,333.69,0.20,-0.10
2023-08-24T02:44:22.000,0.33,357.05,0.33,-0.02
2023-08-24T02:59:22.000,0.20,335.32,0.18,-0.08
2023-08-24T03:14:22.000,0.49,9.49,0.49,0.08
2023-08-24T03:29:22.000,0.21,340.44,0.20,-0.07
2023-08-24T03:44:22.000,0.21,339.73,0.19,-0.07
2023-08-24T03:59:22.000,0.32,23.07,0.30,0.13
2023-08-24T04:14:22.000,0.26,337.36,0.24,-0.10
2023-08-24T04:29:22.000,0.10,348.89,0.10,-0.02
2023-08-24T04:44:22.000,0.16,150.19,-0.14,0.08
2023-08-24T04:59:22.000,0.26,48.20,0.17,0.20
2023-08-24T05:14:22.000,0.18,339.66,0.17,-0.06
2023-08-24T05:29:22.000,0.33,64.25,0.14,0.30
2023-08-24T05:44:22.000,0.81,126.69,-0.48,0.65
2023-08-24T05:59:22.000,0.17,99.80,-0.03,0.17
2023-08-24T06:14:22.000,0.21,321.41,0.16,-0.13
2023-08-24T06:29:22.000,0.19,344.69,0.18,-0.05
2023-08-24T06:44:22.000,0.18,2.88,0.18,0.01
2023-08-24T06:59:22.000,0.25,16.22,0.24,0.07
2023-08-24T07:14:22.000,0.16,32.20,0.13,0.08
2023-08-24T07:29:22.000,0.25,9.42,0.25,0.04
2023-08-24T07:44:22.000,0.19,144.49,-0.15,0.11
2023-08-24T07:59:22.000,0.17,29.59,0.15,0.08
2023-08-24T08:14:22.000,0.10,191.48,-0.10,-0.02
2023-08-24T08:29:22.000,0.35,30.98,0.30,0.18
2023-08-24T08:44:22.000,0.22,80.32,0.04,0.22
2023-08-24T08:59:22.000,0.33,38.12,0.26,0.20
2023-08-24T09:14:22.000,0.16,134.23,-0.11,0.11
2023-08-24T09:29:22.000,0.18,104.44,-0.04,0.17
2023-08-24T09:44:22.000,0.14,359.26,0.14,-0.00
2023-08-24T09:59:22.000,0.49,166.51,-0.47,0.11
2023-08-24T10:14:22.000,0.50,145.32,-0.41,0.29
2023-08-24T10:29:22.000,0.47,64.53,0.20,0.42
2023-08-24T10:44:22.000,0.67,121.96,-0.36,0.57
2023-08-24T10:59:22.000,0.20,77.30,0.04,0.20
2023-08-24T11:14:22.000,0.15,112.88,-0.06,0.14
2023-08-24T11:29:22.000,0.37,69.92,0.13,0.34
2023-08-24T11:44:22.000,0.33,73.45,0.09,0.32
2023-08-24T11:59:22.000,0.40,116.97,-0.18,0.36
2023-08-24T12:14:22.000,0.15,25.29,0.14,0.06
2023-08-24T12:29:22.000,0.26,70.86,0.09,0.25
2023-08-24T12:44:22.000,0.66,113.95,-0.27,0.60
2023-08-24T12:59:22.000,0.64,129.36,-0.41,0.50
2023-08-24T13:14:22.000,1.45,110.56,-0.51,1.36
2023-08-24T13:29:22.000,0.88,151.44,-0.78,0.42
2023-08-24T13:44:22.000,0.26,66.00,0.11,0.24
2023-08-24T13:59:22.000,0.19,13.05,0.18,0.04
2023-08-24T14:14:22.000,0.11,52.83,0.06,0.09
2023-08-24T14:29:22.000,0.04,29.36,0.03,0.02
2023-08-24T14:44:22.000,0.25,351.34,0.25,-0.04
2023-08-24T14:59:22.000,0.15,260.70,-0.02,-0.15
2023-08-24T15:14:22.000,0.24,235.31,-0.14,-0.20
2023-08-24T15:29:22.000,0.08,62.05,0.04,0.07
2023-08-24T15:44:22.000,0.23,43.45,0.17,0.16
2023-08-24T15:59:22.000,0.35,187.20,-0.34,-0.04
2023-08-24T16:14:22.000,0.14,92.08,-0.01,0.14
2023-08-24T16:29:22.000,0.37,215.39,-0.30,-0.21
2023-08-24T16:44:22.000,0.10,53.14,0.06,0.08
2023-08-24T16:59:22.000,0.34,135.95,-0.25,0.24
2023-08-24T17:14:22.000,0.25,251.90,-0.08,-0.24
2023-08-24T17:29:22.000,0.04,32.91,0.03,0.02
2023-08-24T17:44:22.000,0.42,110.86,-0.15,0.39
2023-08-24T17:59:22.000,0.42,191.92,-0.41,-0.09
2023-08-24T18:14:22.000,0.20,12.42,0.19,0.04
2023-08-24T18:29:22.000,0.11,339.80,0.10,-0.04
2023-08-24T18:44:22.000,0.17,168.67,-0.17,0.03
2023-08-24T18:59:22.000,0.10,119.54,-0.05,0.09
2023-08-24T19:14:22.000,0.20,177.00,-0.20,0.01
2023-08-24T19:29:22.000,0.06,332.15,0.06,-0.03
2023-08-24T19:44:22.000,0.20,231.67,-0.13,-0.16
2023-08-24T19:59:22.000,0.26,133.78,-0.18,0.19
2023-08-24T20:14:22.000,0.45,356.39,0.44,-0.03
2023-08-24T20:29:22.000,0.35,251.87,-0.11,-0.33
2023-08-24T20:44:22.000,0.36,212.84,-0.30,-0.19
2023-08-24T20:59:22.000,0.27,248.87,-0.10,-0.25
2023-08-24T21:14:22.000,0.17,350.09,0.17,-0.03
2023-08-24T21:29:22.000,0.46,349.54,0.45,-0.08
2023-08-24T21:44:22.000,0.39,331.54,0.35,-0.19
2023-08-24T21:59:22.000,0.39,332.74,0.35,-0.18
2023-08-24T22:14:22.000,0.33,348.90,0.32,-0.06
2023-08-24T22:29:22.000,0.24,68.57,0.09,0.22
2023-08-24T22:44:22.000,0.20,26.62,0.18,0.09
2023-08-24T22:59:22.000,0.23,33.65,0.19,0.13
2023-08-24T23:14:22.000,0.28,340.81,0.27,-0.09
2023-08-24T23:29:22.000,0.47,30.94,0.41,0.24
2023-08-24T23:44:22.000,0.10,39.63,0.08,0.07
2023-08-24T23:59:22.000,0.30,10.54,0.29,0.05
2023-08-25T00:14:22.000,0.16,2.99,0.16,0.01
2023-08-25T00:29:22.000,0.38,9.54,0.38,0.06
2023-08-25T00:44:22.000,0.35,341.57,0.33,-0.11
2023-08-25T00:59:22.000,0.59,118.55,-0.28,0.52
2023-08-25T01:14:22.000,0.22,347.95,0.21,-0.05
2023-08-25T01:29:22.000,0.30,350.36,0.30,-0.05
2023-08-25T01:44:22.000,0.29,341.56,0.28,-0.09
2023-08-25T01:59:22.000,0.41,359.15,0.41,-0.01
2023-08-25T02:14:22.000,0.33,1.47,0.33,0.01
2023-08-25T02:29:22.000,0.23,5.26,0.23,0.02
2023-08-25T02:44:22.000,0.31,103.08,-0.07,0.31
2023-08-25T02:59:22.000,0.31,142.26,-0.24,0.19
2023-08-25T03:14:22.000,0.28,104.28,-0.07,0.27
2023-08-25T03:29:22.000,0.59,136.60,-0.43,0.41
2023-08-25T03:44:22.000,0.26,123.26,-0.14,0.21
2023-08-25T03:59:22.000,0.18,139.31,-0.13,0.11
2023-08-25T04:14:22.000,0.50,157.30,-0.46,0.19
2023-08-25T04:29:22.000,0.25,126.17,-0.15,0.20
2023-08-25T04:44:22.000,0.29,133.08,-0.20,0.21
2023-08-25T04:59:22.000,0.25,181.05,-0.25,-0.00
2023-08-25T05:14:22.000,0.14,179.60,-0.14,0.00
2023-08-25T05:29:22.000,0.20,133.39,-0.14,0.15
2023-08-25T05:44:22.000,0.25,165.69,-0.24,0.06
2023-08-25T05:59:22.000,0.09,88.10,0.00,0.09
2023-08-25T06:14:22.000,0.29,14.98,0.28,0.07
2023-08-25T06:29:22.000,0.28,129.19,-0.18,0.22
2023-08-25T06:44:22.000,0.33,83.38,0.04,0.33
2023-08-25T06:59:22.000,0.50,18.30,0.48,0.16
2023-08-25T07:14:22.000,0.55,80.57,0.09,0.54
2023-08-25T07:29:22.000,0.59,43.55,0.42,0.40
2023-08-25T07:44:22.000,0.28,38.47,0.22,0.18
2023-08-25T07:59:22.000,0.22,305.61,0.13,-0.18
2023-08-25T08:14:22.000,0.49,328.25,0.42,-0.26
2023-08-25T08:29:22.000,0.18,353.63,0.18,-0.02
2023-08-25T08:44:22.000,0.40,11.20,0.39,0.08
2023-08-25T08:59:22.000,0.43,24.01,0.40,0.18
2023-08-25T09:14:22.000,0.29,20.75,0.27,0.10
2023-08-25T09:29:22.000,0.12,335.40,0.11,-0.05
2023-08-25T09:44:22.000,0.42,289.20,0.14,-0.40
2023-08-25T09:59:22.000,0.19,303.26,0.11,-0.16
2023-08-25T10:14:22.000,0.23,263.59,-0.03,-0.22
2023-08-25T10:29:22.000,0.36,257.23,-0.08,-0.35
2023-08-25T10:44:22.000,0.62,310.03,0.40,-0.47
2023-08-25T10:59:22.000,0.33,237.57,-0.18,-0.28
2023-08-25T11:14:22.000,0.79,310.68,0.52,-0.60
2023-08-25T11:29:22.000,0.50,289.13,0.16,-0.48
2023-08-25T11:44:22.000,1.39,310.22,0.90,-1.06
2023-08-25T11:59:22.000,0.38,273.55,0.02,-0.38
2023-08-25T12:14:22.000,0.26,268.55,-0.01,-0.26
2023-08-25T12:29:22.000,0.26,335.51,0.24,-0.11
2023-08-25T12:44:22.000,0.28,286.77,0.08,-0.27
2023-08-25T12:59:22.000,0.48,331.58,0.42,-0.23
2023-08-25T13:14:22.000,0.45,313.74,0.31,-0.33
2023-08-25T13:29:22.000,0.51,8.49,0.50,0.07
2023-08-25T13:44:22.000,0.77,264.59,-0.07,-0.76
2023-08-25T13:59:22.000,0.45,312.66,0.30,-0.33
2023-08-25T14:14:22.000,0.81,327.25,0.68,-0.44
2023-08-25T14:29:22.000,0.74,347.29,0.73,-0.16
2023-08-25T14:44:22.000,0.45,289.30,0.15,-0.43
2023-08-25T14:59:22.000,0.24,98.38,-0.04,0.24
2023-08-25T15:14:22.000,0.18,281.33,0.04,-0.18
2023-08-25T15:29:22.000,0.27,21.71,0.25,0.10
2023-08-25T15:44:22.000,0.08,12.23,0.08,0.02
2023-08-25T15:59:22.000,0.05,121.98,-0.03,0.04
2023-08-25T16:14:22.000,0.34,273.90,0.02,-0.34
2023-08-25T16:29:22.000,0.34,209.70,-0.29,-0.17
2023-08-25T16:44:22.000,0.19,252.03,-0.06,-0.18
2023-08-25T16:59:22.000,0.14,178.93,-0.14,0.00
2023-08-25T17:14:22.000,0.18,226.23,-0.12,-0.13
2023-08-25T17:29:22.000,0.44,227.16,-0.30,-0.32
2023-08-25T17:44:22.000,0.52,215.75,-0.42,-0.30
2023-08-25T17:59:22.000,0.41,115.02,-0.17,0.37
2023-08-25T18:14:22.000,0.27,200.80,-0.25,-0.10
2023-08-25T18:29:22.000,0.61,216.04,-0.50,-0.36
2023-08-25T18:44:22.000,0.33,253.81,-0.09,-0.32
2023-08-25T18:59:22.000,0.06,221.47,-0.04,-0.04
2023-08-25T19:14:22.000,0.39,187.16,-0.39,-0.05
2023-08-25T19:29:22.000,0.19,238.12,-0.10,-0.16
2023-08-25T19:44:22.000,0.36,221.59,-0.27,-0.24
2023-08-25T19:59:22.000,0.94,223.61,-0.68,-0.65
2023-08-25T20:14:22.000,0.79,255.60,-0.20,-0.77
2023-08-25T20:29:22.000,0.91,229.12,-0.60,-0.69
2023-08-25T20:44:22.000,0.79,251.02,-0.26,-0.74
2023-08-25T20:59:22.000,0.74,215.66,-0.60,-0.43
2023-08-25T21:14:22.000,0.45,267.47,-0.02,-0.45
2023-08-25T21:29:22.000,1.44,251.82,-0.45,-1.36
2023-08-25T21:44:22.000,0.39,235.73,-0.22,-0.32
2023-08-25T21:59:22.000,0.47,256.49,-0.11,-0.46
2023-08-25T22:14:22.000,1.30,281.25,0.25,-1.28
2023-08-25T22:29:22.000,0.80,251.34,-0.26,-0.76
2023-08-25T22:44:22.000,0.27,271.93,0.01,-0.27
2023-08-25T22:59:22.000,0.50,229.34,-0.32,-0.38
2023-08-25T23:14:22.000,0.51,253.55,-0.14,-0.48
2023-08-25T23:29:22.000,0.97,220.85,-0.73,-0.63
2023-08-25T23:44:22.000,0.50,213.91,-0.41,-0.28
2023-08-25T23:59:22.000,0.50,247.93,-0.19,-0.47
2023-08-26T00:14:22.000,0.56,235.69,-0.31,-0.46
2023-08-26T00:29:22.000,0.33,282.71,0.07,-0.32
2023-08-26T00:44:22.000,0.51,254.74,-0.13,-0.49
2023-08-26T00:59:22.000,0.31,232.36,-0.19,-0.24
2023-08-26T01:14:22.000,1.99,293.87,0.80,-1.82
2023-08-26T01:29:22.000,0.06,358.41,0.06,-0.00
2023-08-26T01:44:22.000,0.52,157.46,-0.48,0.20
2023-08-26T01:59:22.000,0.21,8.99,0.20,0.03
2023-08-26T02:14:22.000,0.17,296.88,0.08,-0.15
2023-08-26T02:29:22.000,0.14,266.76,-0.01,-0.14
2023-08-26T02:44:22.000,0.26,199.80,-0.24,-0.09
2023-08-26T02:59:22.000,0.13,202.95,-0.12,-0.05
2023-08-26T03:14:22.000,0.19,194.89,-0.18,-0.05
2023-08-26T03:29:22.000,0.16,337.50,0.14,-0.06
2023-08-26T03:44:22.000,0.34,271.60,0.01,-0.34
2023-08-26T03:59:22.000,0.15,298.00,0.07,-0.13
2023-08-26T04:14:22.000,0.26,287.04,0.08,-0.25
2023-08-26T04:29:22.000,0.33,290.89,0.12,-0.30
2023-08-26T04:44:22.000,0.48,213.68,-0.40,-0.27
2023-08-26T04:59:22.000,0.29,266.39,-0.02,-0.29
2023-08-26T05:14:22.000,0.19,286.15,0.05,-0.18
2023-08-26T05:29:22.000,0.09,228.80,-0.06,-0.07
2023-08-26T05:44:22.000,0.25,312.57,0.17,-0.18
2023-08-26T05:59:22.000,0.14,238.90,-0.07,-0.12
2023-08-26T06:14:22.000,0.35,216.60,-0.28,-0.21
2023-08-26T06:29:22.000,0.13,239.04,-0.07,-0.11
2023-08-26T06:44:22.000,0.02,8.27,0.02,0.00
2023-08-26T06:59:22.000,0.27,192.31,-0.27,-0.06
2023-08-26T07:14:22.000,0.18,224.78,-0.12,-0.12
2023-08-26T07:29:22.000,0.15,294.14,0.06,-0.14
2023-08-26T07:44:22.000,0.67,151.11,-0.59,0.32
2023-08-26T07:59:22.000,0.68,146.29,-0.56,0.38
2023-08-26T08:14:22.000,0.76,205.02,-0.69,-0.32
2023-08-26T08:29:22.000,0.46,226.36,-0.32,-0.34
2023-08-26T08:44:22.000,0.29,252.59,-0.09,-0.27
2023-08-26T08:59:22.000,0.31,208.06,-0.27,-0.15
2023-08-26T09:14:22.000,0.18,161.77,-0.17,0.06
2023-08-26T09:29:22.000,0.30,66.68,0.12,0.28
2023-08-26T09:44:22.000,0.15,171.65,-0.15,0.02
2023-08-26T09:59:22.000,0.35,144.47,-0.28,0.20
2023-08-26T10:14:22.000,0.14,225.61,-0.10,-0.10
2023-08-26T10:29:22.000,0.26,86.78,0.01,0.26
2023-08-26T10:44:22.000,0.39,201.83,-0.36,-0.14
2023-08-26T10:59:22.000,0.27,163.24,-0.26,0.08
2023-08-26T11:14:22.000,0.16,222.92,-0.12,-0.11
2023-08-26T11:29:22.000,0.31,276.13,0.03,-0.31
2023-08-26T11:44:22.000,0.56,162.22,-0.54,0.17
2023-08-26T11:59:22.000,0.22,235.21,-0.12,-0.18
2023-08-26T12:14:22.000,0.75,194.14,-0.73,-0.18
2023-08-26T12:29:22.000,1.44,146.10,-1.20,0.80
2023-08-26T12:44:22.000,1.27,161.11,-1.20,0.41
2023-08-26T12:59:22.000,1.42,169.48,-1.40,0.26
2023-08-26T13:14:22.000,1.68,156.91,-1.55,0.66
2023-08-26T13:29:22.000,1.06,148.50,-0.91,0.56
2023-08-26T13:44:22.000,1.57,171.12,-1.55,0.24
2023-08-26T13:59:22.000,0.27,252.98,-0.08,-0.26
2023-08-26T14:14:22.000,0.97,196.10,-0.93,-0.27
2023-08-26T14:29:22.000,0.69,123.68,-0.38,0.57
2023-08-26T14:44:22.000,0.06,180.17,-0.06,-0.00
2023-08-26T14:59:22.000,0.91,190.13,-0.89,-0.16
2023-08-26T15:14:22.000,0.15,319.80,0.11,-0.09
2023-08-26T15:29:22.000,0.43,91.11,-0.01,0.43
2023-08-26T15:44:22.000,1.46,76.51,0.34,1.42
2023-08-26T15:59:22.000,0.46,273.90,0.03,-0.46
2023-08-26T16:14:22.000,1.96,188.26,-1.94,-0.28
2023-08-26T16:29:22.000,0.10,246.42,-0.04,-0.09
2023-08-26T16:44:22.000,0.27,12.20,0.26,0.06
2023-08-26T16:59:22.000,0.28,290.62,0.10,-0.26
2023-08-26T17:14:22.000,0.08,303.53,0.05,-0.07
2023-08-26T17:29:22.000,2.14,354.16,2.13,-0.22
2023-08-26T17:44:22.000,0.22,356.43,0.22,-0.01
2023-08-26T17:59:22.000,0.43,246.90,-0.17,-0.39
2023-08-26T18:14:22.000,0.52,202.74,-0.48,-0.20
2023-08-26T18:29:22.000,0.14,39.39,0.11,0.09
2023-08-26T18:44:22.000,0.67,225.18,-0.47,-0.47
2023-08-26T18:59:22.000,0.35,280.06,0.06,-0.35
2023-08-26T19:14:22.000,0.32,348.07,0.32,-0.07
2023-08-26T19:29:22.000,0.56,323.82,0.45,-0.33
2023-08-26T19:44:22.000,0.18,342.10,0.17,-0.06
2023-08-26T19:59:22.000,0.64,37.33,0.51,0.39
2023-08-26T20:14:22.000,0.25,279.41,0.04,-0.25
2023-08-26T20:29:22.000,0.20,15.97,0.19,0.06
2023-08-26T20:44:22.000,0.17,66.12,0.07,0.15
2023-08-26T20:59:22.000,0.50,315.81,0.36,-0.35
2023-08-26T21:14:22.000,0.46,19.56,0.43,0.15
2023-08-26T21:29:22.000,0.14,319.56,0.11,-0.09
2023-08-26T21:44:22.000,0.27,256.84,-0.06,-0.26
2023-08-26T21:59:22.000,0.48,357.28,0.48,-0.02
2023-08-26T22:14:22.000,0.18,140.73,-0.14,0.11
2023-08-26T22:29:22.000,0.45,143.41,-0.36,0.27
2023-08-26T22:44:22.000,0.33,18.25,0.31,0.10
2023-08-26T22:59:22.000,0.20,291.12,0.07,-0.19
2023-08-26T23:14:22.000,0.20,355.54,0.20,-0.02
2023-08-26T23:29:22.000,0.12,10.33,0.12,0.02
2023-08-26T23:44:22.000,0.45,195.08,-0.44,-0.12
2023-08-26T23:59:22.000,0.16,177.74,-0.16,0.01
2023-08-27T00:14:22.000,0.79,152.75,-0.70,0.36
2023-08-27T00:29:22.000,0.40,183.34,-0.40,-0.02
2023-08-27T00:44:22.000,0.17,280.86,0.03,-0.16
2023-08-27T00:59:22.000,0.42,283.54,0.10,-0.41
2023-08-27T01:14:22.000,1.68,274.39,0.13,-1.68
2023-08-27T01:29:22.000,0.70,308.35,0.43,-0.55
2023-08-27T01:44:22.000,0.87,296.24,0.38,-0.78
2023-08-27T01:59:22.000,0.72,272.65,0.03,-0.72
2023-08-27T02:14:22.000,1.44,264.79,-0.13,-1.44
2023-08-27T02:29:22.000,1.52,225.99,-1.06,-1.09
2023-08-27T02:44:22.000,1.27,220.27,-0.97,-0.82
2023-08-27T02:59:22.000,0.53,231.06,-0.33,-0.41
2023-08-27T03:14:22.000,1.15,243.63,-0.51,-1.03
2023-08-27T03:29:22.000,0.90,231.44,-0.56,-0.71
2023-08-27T03:44:22.000,1.03,229.90,-0.66,-0.79
2023-08-27T03:59:22.000,0.58,192.90,-0.56,-0.13
2023-08-27T04:14:22.000,0.28,270.21,0.00,-0.28
2023-08-27T04:29:22.000,0.28,165.79,-0.27,0.07
2023-08-27T04:44:22.000,0.35,217.22,-0.28,-0.21
2023-08-27T04:59:22.000,0.04,157.44,-0.04,0.02
2023-08-27T05:14:22.000,0.32,103.05,-0.07,0.31
2023-08-27T05:29:22.000,0.47,137.53,-0.35,0.32
2023-08-27T05:44:22.000,0.27,103.32,-0.06,0.26
2023-08-27T05:59:22.000,0.12,96.29,-0.01,0.12
2023-08-27T06:14:22.000,0.34,95.35,-0.03,0.34
2023-08-27T06:29:22.000,0.37,177.86,-0.37,0.01
2023-08-27T06:44:22.000,0.25,125.29,-0.14,0.20
2023-08-27T06:59:22.000,0.24,81.78,0.03,0.24
2023-08-27T07:14:22.000,0.24,139.48,-0.18,0.15
2023-08-27T07:29:22.000,0.31,88.54,0.01,0.31
2023-08-27T07:44:22.000,0.25,99.39,-0.04,0.25
2023-08-27T07:59:22.000,0.22,67.95,0.08,0.20
2023-08-27T08:14:22.000,0.57,76.12,0.14,0.55
2023-08-27T08:29:22.000,0.32,101.19,-0.06,0.31
2023-08-27T08:44:22.000,0.36,123.73,-0.20,0.30
2023-08-27T08:59:22.000,0.23,108.24,-0.07,0.22
2023-08-27T09:14:22.000,0.30,141.47,-0.24,0.19
2023-08-27T09:29:22.000,0.36,113.80,-0.14,0.33
2023-08-27T09:44:22.000,0.33,110.40,-0.11,0.31
2023-08-27T09:59:22.000,0.54,79.48,0.10,0.53
2023-08-27T10:14:22.000,0.42,116.21,-0.19,0.38
2023-08-27T10:29:22.000,0.51,104.81,-0.13,0.49
2023-08-27T10:44:22.000,0.37,86.32,0.02,0.37
2023-08-27T10:59:22.000,0.39,113.68,-0.16,0.36
2023-08-27T11:14:22.000,0.30,124.98,-0.17,0.24
2023-08-27T11:29:22.000,0.59,71.07,0.19,0.56
2023-08-27T11:44:22.000,0.62,115.36,-0.27,0.56
2023-08-27T11:59:22.000,0.30,95.81,-0.03,0.30
2023-08-27T12:14:22.000,0.58,95.24,-0.05,0.58
2023-08-27T12:29:22.000,0.43,111.91,-0.16,0.40
2023-08-27T12:44:22.000,0.35,85.27,0.03,0.35
2023-08-27T12:59:22.000,0.18,124.43,-0.10,0.15
2023-08-27T13:14:22.000,0.45,135.50,-0.32,0.31
2023-08-27T13:29:22.000,0.47,114.67,-0.20,0.43
2023-08-27T13:44:22.000,1.49,133.11,-1.02,1.09
2023-08-27T13:59:22.000,0.37,120.24,-0.19,0.32
2023-08-27T14:14:22.000,0.46,86.93,0.02,0.46
2023-08-27T14:29:22.000,0.56,122.54,-0.30,0.47
2023-08-27T14:44:22.000,0.47,138.52,-0.35,0.31
2023-08-27T14:59:22.000,0.76,114.71,-0.32,0.69
2023-08-27T15:14:22.000,0.49,109.90,-0.17,0.46
2023-08-27T15:29:22.000,0.51,128.27,-0.32,0.40
2023-08-27T15:44:22.000,0.46,96.95,-0.06,0.46
2023-08-27T15:59:22.000,0.51,97.84,-0.07,0.51
2023-08-27T16:14:22.000,0.94,103.12,-0.21,0.91
2023-08-27T16:29:22.000,0.38,104.70,-0.10,0.36
2023-08-27T16:44:22.000,0.49,112.23,-0.18,0.45
2023-08-27T16:59:22.000,0.95,134.44,-0.66,0.68
2023-08-27T17:14:22.000,0.48,108.54,-0.15,0.46
2023-08-27T17:29:22.000,0.68,121.06,-0.35,0.58
2023-08-27T17:44:22.000,0.45,131.25,-0.29,0.34
2023-08-27T17:59:22.000,1.10,134.61,-0.77,0.78
2023-08-27T18:14:22.000,0.63,103.97,-0.15,0.61
2023-08-27T18:29:22.000,0.62,89.53,0.01,0.62
2023-08-27T18:44:22.000,0.62,82.83,0.08,0.61
2023-08-27T18:59:22.000,0.40,79.18,0.08,0.40
2023-08-27T19:14:22.000,0.38,96.53,-0.04,0.38
2023-08-27T19:29:22.000,0.55,79.05,0.10,0.54
2023-08-27T19:44:22.000,0.40,107.59,-0.12,0.38
2023-08-27T19:59:22.000,0.25,145.07,-0.21,0.14
2023-08-27T20:14:22.000,0.46,86.43,0.03,0.46
2023-08-27T20:29:22.000,0.51,103.00,-0.11,0.49
2023-08-27T20:44:22.000,0.63,90.59,-0.01,0.63
2023-08-27T20:59:22.000,0.41,77.05,0.09,0.40
2023-08-27T21:14:22.000,0.48,81.33,0.07,0.47
2023-08-27T21:29:22.000,0.88,103.88,-0.21,0.85
2023-08-27T21:44:22.000,0.74,110.23,-0.26,0.69
2023-08-27T21:59:22.000,0.50,91.67,-0.01,0.50
2023-08-27T22:14:22.000,1.08,110.59,-0.38,1.01
2023-08-27T22:29:22.000,0.75,139.46,-0.57,0.49
2023-08-27T22:44:22.000,0.40,128.84,-0.25,0.31
2023-08-27T22:59:22.000,0.55,81.04,0.09,0.54
2023-08-27T23:14:22.000,0.56,98.95,-0.09,0.55
2023-08-27T23:29:22.000,0.82,112.60,-0.31,0.75
2023-08-27T23:44:22.000,0.46,101.63,-0.09,0.45
2023-08-27T23:59:22.000,0.52,138.11,-0.39,0.35
2023-08-28T00:14:22.000,0.59,153.62,-0.53,0.26
2023-08-28T00:29:22.000,0.73,131.73,-0.49,0.55
2023-08-28T00:44:22.000,0.47,135.42,-0.34,0.33
2023-08-28T00:59:22.000,0.50,107.42,-0.15,0.48
2023-08-28T01:14:22.000,0.67,140.66,-0.52,0.42
2023-08-28T01:29:22.000,0.59,113.09,-0.23,0.54
2023-08-28T01:44:22.000,1.22,155.99,-1.11,0.49
2023-08-28T01:59:22.000,0.55,103.58,-0.13,0.53
2023-08-28T02:14:22.000,0.43,95.39,-0.04,0.43
2023-08-28T02:29:22.000,0.47,141.26,-0.37,0.30
2023-08-28T02:44:22.000,0.70,136.04,-0.51,0.49
2023-08-28T02:59:22.000,0.53,142.20,-0.42,0.33
2023-08-28T03:14:22.000,0.35,120.30,-0.17,0.30
2023-08-28T03:29:22.000,0.48,85.26,0.04,0.48
2023-08-28T03:44:22.000,0.50,120.57,-0.26,0.43
2023-08-28T03:59:22.000,0.34,119.13,-0.16,0.30
2023-08-28T04:14:22.000,0.37,87.47,0.02,0.37
2023-08-28T04:29:22.000,0.49,147.98,-0.41,0.26
2023-08-28T04:44:22.000,0.42,70.69,0.14,0.39
2023-08-28T04:59:22.000,0.47,107.65,-0.14,0.44
2023-08-28T05:14:22.000,0.41,127.59,-0.25,0.32
2023-08-28T05:29:22.000,0.35,99.19,-0.06,0.34
2023-08-28T05:44:22.000,0.51,140.01,-0.39,0.33
2023-08-28T05:59:22.000,0.52,122.09,-0.28,0.44
2023-08-28T06:14:22.000,0.53,98.85,-0.08,0.52
2023-08-28T06:29:22.000,0.37,102.21,-0.08,0.37
2023-08-28T06:44:22.000,0.41,90.87,-0.01,0.41
2023-08-28T06:59:22.000,0.50,81.45,0.07,0.50
2023-08-28T07:14:22.000,0.31,84.50,0.03,0.30
2023-08-28T07:29:22.000,0.53,67.09,0.21,0.49
2023-08-28T07:44:22.000,0.49,82.24,0.07,0.48
2023-08-28T07:59:22.000,0.68,110.89,-0.24,0.64
2023-08-28T08:14:22.000,0.43,107.57,-0.13,0.41
2023-08-28T08:29:22.000,0.50,119.15,-0.24,0.44
2023-08-28T08:44:22.000,0.47,116.72,-0.21,0.42
2023-08-28T08:59:22.000,0.52,96.01,-0.05,0.52
2023-08-28T09:14:22.000,0.66,99.22,-0.11,0.66
2023-08-28T09:29:22.000,0.57,100.44,-0.10,0.56
2023-08-28T09:44:22.000,0.45,126.52,-0.27,0.36
2023-08-28T09:59:22.000,0.49,112.88,-0.19,0.45
2023-08-28T10:14:22.000,0.44,122.89,-0.24,0.37
2023-08-28T10:29:22.000,0.50,118.11,-0.23,0.44
2023-08-28T10:44:22.000,0.54,103.31,-0.12,0.52
2023-08-28T10:59:22.000,0.59,80.73,0.09,0.58
2023-08-28T11:14:22.000,0.32,89.75,0.00,0.32
2023-08-28T11:29:22.000,0.55,113.56,-0.22,0.51
2023-08-28T11:44:22.000,0.68,97.62,-0.09,0.67
2023-08-28T11:59:22.000,1.08,75.41,0.27,1.05
2023-08-28T12:14:22.000,0.43,138.72,-0.33,0.29
2023-08-28T12:29:22.000,0.61,90.05,-0.00,0.61
2023-08-28T12:44:22.000,0.34,140.83,-0.26,0.21
2023-08-28T12:59:22.000,0.33,117.34,-0.15,0.29
2023-08-28T13:14:22.000,0.43,111.22,-0.15,0.40
2023-08-28T13:29:22.000,0.51,94.09,-0.04,0.51
2023-08-28T13:44:22.000,0.61,113.59,-0.25,0.56
2023-08-28T13:59:22.000,0.43,87.94,0.02,0.43
2023-08-28T14:14:22.000,0.57,96.87,-0.07,0.57
2023-08-28T14:29:22.000,0.42,99.75,-0.07,0.42
2023-08-28T14:44:22.000,0.89,73.08,0.26,0.85
2023-08-28T14:59:22.000,0.51,98.30,-0.07,0.50
2023-08-28T15:14:22.000,0.39,75.88,0.10,0.38
2023-08-28T15:29:22.000,0.43,79.40,0.08,0.42
2023-08-28T15:44:22.000,0.45,108.15,-0.14,0.43
2023-08-28T15:59:22.000,0.47,103.95,-0.11,0.46
2023-08-28T16:14:22.000,0.46,128.38,-0.29,0.36
2023-08-28T16:29:22.000,0.67,103.62,-0.16,0.65
2023-08-28T16:44:22.000,0.68,84.85,0.06,0.68
2023-08-28T16:59:22.000,0.41,106.95,-0.12,0.39
2023-08-28T17:14:22.000,0.65,92.83,-0.03,0.65
2023-08-28T17:29:22.000,0.53,99.83,-0.09,0.52
2023-08-28T17:44:22.000,0.66,101.60,-0.13,0.65
2023-08-28T17:59:22.000,0.67,126.66,-0.40,0.54
2023-08-28T18:14:22.000,0.59,91.87,-0.02,0.59
2023-08-28T18:29:22.000,0.54,124.55,-0.30,0.44
2023-08-28T18:44:22.000,0.39,78.54,0.08,0.38
2023-08-28T18:59:22.000,0.39,111.08,-0.14,0.36
2023-08-28T19:14:22.000,1.02,109.63,-0.34,0.96
2023-08-28T19:29:22.000,0.47,144.48,-0.38,0.27
2023-08-28T19:44:22.000,0.53,88.60,0.01,0.53
2023-08-28T19:59:22.000,0.65,126.94,-0.39,0.52
2023-08-28T20:14:22.000,0.43,87.01,0.02,0.43
2023-08-28T20:29:22.000,0.34,62.77,0.16,0.31
2023-08-28T20:44:22.000,0.57,120.57,-0.29,0.49
2023-08-28T20:59:22.000,0.46,130.85,-0.30,0.35
2023-08-28T21:14:22.000,0.21,110.17,-0.07,0.19
2023-08-28T21:29:22.000,0.53,34.17,0.44,0.30
2023-08-28T21:44:22.000,0.27,82.45,0.04,0.27
2023-08-28T21:59:22.000,0.04,76.30,0.01,0.04
2023-08-28T22:14:22.000,0.28,243.58,-0.13,-0.25
2023-08-28T22:29:22.000,0.38,182.90,-0.38,-0.02
2023-08-28T22:44:22.000,0.52,225.39,-0.36,-0.37
2023-08-28T22:59:22.000,0.38,174.17,-0.38,0.04
2023-08-28T23:14:22.000,0.03,11.83,0.03,0.01
2023-08-28T23:29:22.000,0.13,127.38,-0.08,0.10
2023-08-28T23:44:22.000,0.25,68.76,0.09,0.23
2023-08-28T23:59:22.000,0.04,136.46,-0.03,0.03
2023-08-29T00:14:22.000,0.07,164.21,-0.07,0.02
2023-08-29T00:29:22.000,0.14,115.07,-0.06,0.13
2023-08-29T00:44:22.000,0.53,104.92,-0.14,0.51
2023-08-29T00:59:22.000,0.37,115.72,-0.16,0.33
2023-08-29T01:14:22.000,0.34,104.12,-0.08,0.33
2023-08-29T01:29:22.000,0.42,139.55,-0.32,0.27
2023-08-29T01:44:22.000,0.45,152.36,-0.40,0.21
2023-08-29T01:59:22.000,0.41,136.71,-0.30,0.28
2023-08-29T02:14:22.000,0.55,131.67,-0.36,0.41
2023-08-29T02:29:22.000,0.30,115.58,-0.13,0.27
2023-08-29T02:44:22.000,0.36,91.83,-0.01,0.36
2023-08-29T02:59:22.000,0.41,151.83,-0.36,0.20
2023-08-29T03:14:22.000,0.30,96.79,-0.04,0.30
2023-08-29T03:29:22.000,0.32,111.42,-0.12,0.30
2023-08-29T03:44:22.000,0.38,141.34,-0.30,0.24
2023-08-29T03:59:22.000,0.52,132.11,-0.35,0.38
2023-08-29T04:14:22.000,0.59,82.80,0.07,0.58
2023-08-29T04:29:22.000,0.32,141.96,-0.25,0.20
2023-08-29T04:44:22.000,0.45,89.62,0.00,0.45
2023-08-29T04:59:22.000,0.38,126.37,-0.22,0.30
2023-08-29T05:14:22.000,0.36,110.91,-0.13,0.34
2023-08-29T05:29:22.000,0.37,97.45,-0.05,0.37
2023-08-29T05:44:22.000,0.32,112.95,-0.12,0.29
2023-08-29T05:59:22.000,0.30,92.41,-0.01,0.30
2023-08-29T06:14:22.000,0.52,111.99,-0.19,0.48
2023-08-29T06:29:22.000,0.33,109.71,-0.11,0.31
2023-08-29T06:44:22.000,0.40,112.03,-0.15,0.37
2023-08-29T06:59:22.000,0.50,117.55,-0.23,0.45
2023-08-29T07:14:22.000,0.29,91.20,-0.01,0.29
2023-08-29T07:29:22.000,0.12,108.21,-0.04,0.11
2023-08-29T07:44:22.000,0.33,69.82,0.11,0.31
2023-08-29T07:59:22.000,0.21,113.05,-0.08,0.20
2023-08-29T08:14:22.000,0.31,82.79,0.04,0.30
2023-08-29T08:29:22.000,0.26,101.70,-0.05,0.26
2023-08-29T08:44:22.000,0.40,130.12,-0.26,0.31
2023-08-29T08:59:22.000,0.27,70.88,0.09,0.26
2023-08-29T09:14:22.000,0.32,113.36,-0.13,0.30
2023-08-29T09:29:22.000,0.30,117.47,-0.14,0.26
2023-08-29T09:44:22.000,0.05,76.05,0.01,0.05
2023-08-29T09:59:22.000,0.24,141.97,-0.19,0.15
2023-08-29T10:14:22.000,0.41,103.05,-0.09,0.40
2023-08-29T10:29:22.000,0.45,136.97,-0.33,0.31
2023-08-29T10:44:22.000,0.55,135.97,-0.39,0.38
2023-08-29T10:59:22.000,0.55,123.35,-0.30,0.46
2023-08-29T11:14:22.000,0.72,139.61,-0.55,0.46
2023-08-29T11:29:22.000,0.61,149.18,-0.52,0.31
2023-08-29T11:44:22.000,0.62,134.96,-0.44,0.44
2023-08-29T11:59:22.000,0.75,137.30,-0.55,0.51
2023-08-29T12:14:22.000,1.61,132.32,-1.08,1.19
2023-08-29T12:29:22.000,0.53,130.36,-0.34,0.40
2023-08-29T12:44:22.000,0.70,118.92,-0.34,0.62
2023-08-29T12:59:22.000,0.37,93.18,-0.02,0.37
2023-08-29T13:14:22.000,0.51,109.81,-0.17,0.48
2023-08-29T13:29:22.000,0.53,92.84,-0.03,0.52
2023-08-29T13:44:22.000,0.73,126.99,-0.44,0.58
2023-08-29T13:59:22.000,0.36,105.23,-0.09,0.35
2023-08-29T14:14:22.000,0.47,93.70,-0.03,0.47
2023-08-29T14:29:22.000,0.47,127.94,-0.29,0.37
2023-08-29T14:44:22.000,0.48,118.94,-0.23,0.42
2023-08-29T14:59:22.000,0.44,112.79,-0.17,0.40
2023-08-29T15:14:22.000,0.54,117.86,-0.25,0.48
2023-08-29T15:29:22.000,0.56,109.44,-0.19,0.53
2023-08-29T15:44:22.000,0.29,114.96,-0.12,0.26
2023-08-29T15:59:22.000,0.88,90.29,-0.00,0.88
2023-08-29T16:14:22.000,0.61,122.19,-0.33,0.52
2023-08-29T16:29:22.000,0.53,101.56,-0.11,0.52
2023-08-29T16:44:22.000,0.43,122.75,-0.23,0.36
2023-08-29T16:59:22.000,0.68,98.51,-0.10,0.67
2023-08-29T17:14:22.000,0.43,95.62,-0.04,0.42
2023-08-29T17:29:22.000,0.44,92.98,-0.02,0.44
2023-08-29T17:44:22.000,0.40,111.32,-0.15,0.38
2023-08-29T17:59:22.000,0.26,108.93,-0.08,0.25
2023-08-29T18:14:22.000,0.36,91.28,-0.01,0.36
2023-08-29T18:29:22.000,0.47,91.45,-0.01,0.47
2023-08-29T18:44:22.000,0.24,104.34,-0.06,0.23
2023-08-29T18:59:22.000,0.35,169.11,-0.35,0.07
2023-08-29T19:14:22.000,0.52,72.89,0.15,0.50
2023-08-29T19:29:22.000,0.25,107.00,-0.07,0.24
2023-08-29T19:44:22.000,0.38,60.42,0.19,0.33
2023-08-29T19:59:22.000,0.47,105.63,-0.13,0.45
2023-08-29T20:14:22.000,0.52,99.66,-0.09,0.51
2023-08-29T20:29:22.000,0.34,165.98,-0.33,0.08
2023-08-29T20:44:22.000,0.73,102.62,-0.16,0.71
2023-08-29T20:59:22.000,0.49,68.97,0.18,0.46
2023-08-29T21:14:22.000,0.40,100.56,-0.07,0.39
2023-08-29T21:29:22.000,0.43,107.40,-0.13,0.41
2023-08-29T21:44:22.000,0.19,117.84,-0.09,0.17
2023-08-29T21:59:22.000,0.41,152.99,-0.37,0.19
2023-08-29T22:14:22.000,0.18,79.37,0.03,0.18
2023-08-29T22:29:22.000,0.48,76.96,0.11,0.47
2023-08-29T22:44:22.000,0.53,124.24,-0.30,0.44
2023-08-29T22:59:22.000,0.49,53.35,0.29,0.40
2023-08-29T23:14:22.000,0.47,162.33,-0.44,0.14
2023-08-29T23:29:22.000,0.29,125.49,-0.17,0.24
2023-08-29T23:44:22.000,0.54,49.04,0.35,0.41
2023-08-29T23:59:22.000,0.27,118.86,-0.13,0.23
2023-08-30T00:14:22.000,0.42,117.93,-0.20,0.37
2023-08-30T00:29:22.000,0.19,79.29,0.03,0.18
2023-08-30T00:44:22.000,0.38,86.73,0.02,0.38
2023-08-30T00:59:22.000,0.28,119.52,-0.14,0.24
2023-08-30T01:14:22.000,0.44,156.08,-0.40,0.18
2023-08-30T01:29:22.000,0.07,344.19,0.07,-0.02
2023-08-30T01:44:22.000,0.21,154.76,-0.19,0.09
2023-08-30T01:59:22.000,0.40,148.61,-0.34,0.21
2023-08-30T02:14:22.000,0.27,93.49,-0.02,0.27
2023-08-30T02:29:22.000,0.34,140.25,-0.26,0.21
2023-08-30T02:44:22.000,0.47,97.97,-0.07,0.47
2023-08-30T02:59:22.000,0.55,92.96,-0.03,0.55
2023-08-30T03:14:22.000,0.73,127.20,-0.44,0.59
2023-08-30T03:29:22.000,0.41,116.75,-0.19,0.37
2023-08-30T03:44:22.000,0.24,123.66,-0.13,0.20
2023-08-30T03:59:22.000,0.35,146.68,-0.30,0.19
2023-08-30T04:14:22.000,0.36,114.72,-0.15,0.33
2023-08-30T04:29:22.000,0.28,186.33,-0.28,-0.03
2023-08-30T04:44:22.000,0.39,102.35,-0.08,0.38
2023-08-30T04:59:22.000,0.34,99.90,-0.06,0.34
2023-08-30T05:14:22.000,0.49,62.98,0.22,0.44
2023-08-30T05:29:22.000,0.70,120.45,-0.35,0.60
2023-08-30T05:44:22.000,0.53,75.53,0.13,0.51
2023-08-30T05:59:22.000,0.67,78.14,0.14,0.66
2023-08-30T06:14:22.000,0.52,82.28,0.07,0.51
2023-08-30T06:29:22.000,0.39,101.56,-0.08,0.38
2023-08-30T06:44:22.000,0.59,68.46,0.21,0.54
2023-08-30T06:59:22.000,0.19,144.22,-0.16,0.11
2023-08-30T07:14:22.000,0.54,130.54,-0.35,0.41
2023-08-30T07:29:22.000,0.19,130.33,-0.12,0.14
2023-08-30T07:44:22.000,0.43,171.62,-0.42,0.06
2023-08-30T07:59:22.000,0.35,114.87,-0.15,0.32
2023-08-30T08:14:22.000,0.44,199.81,-0.42,-0.15
2023-08-30T08:29:22.000,0.36,58.87,0.19,0.31
2023-08-30T08:44:22.000,0.29,100.58,-0.05,0.29
2023-08-30T08:59:22.000,0.32,154.92,-0.29,0.14
2023-08-30T09:14:22.000,0.18,107.06,-0.05,0.18
2023-08-30T09:29:22.000,0.39,96.16,-0.04,0.39
2023-08-30T09:44:22.000,0.33,113.07,-0.13,0.30
2023-08-30T09:59:22.000,0.42,117.14,-0.19,0.38
2023-08-30T10:14:22.000,0.43,111.68,-0.16,0.40
2023-08-30T10:29:22.000,0.55,92.84,-0.03,0.55
2023-08-30T10:44:22.000,0.51,80.47,0.08,0.50
2023-08-30T10:59:22.000,0.65,93.31,-0.04,0.65
2023-08-30T11:14:22.000,0.66,96.88,-0.08,0.66
2023-08-30T11:29:22.000,0.75,95.18,-0.07,0.75
2023-08-30T11:44:22.000,0.82,93.12,-0.04,0.82
2023-08-30T11:59:22.000,0.87,103.73,-0.21,0.85
2023-08-30T12:14:22.000,1.22,81.56,0.18,1.21
2023-08-30T12:29:22.000,0.52,83.13,0.06,0.52
2023-08-30T12:44:22.000,1.03,103.00,-0.23,1.00
2023-08-30T12:59:22.000,0.94,84.92,0.08,0.93
2023-08-30T13:14:22.000,0.79,75.81,0.19,0.76
2023-08-30T13:29:22.000,0.69,71.65,0.22,0.66
2023-08-30T13:44:22.000,0.88,90.73,-0.01,0.88
2023-08-30T13:59:22.000,1.12,105.54,-0.30,1.08
2023-08-30T14:14:22.000,1.41,92.21,-0.05,1.41
2023-08-30T14:29:22.000,1.85,127.05,-1.11,1.48
2023-08-30T14:44:22.000,0.56,100.02,-0.10,0.55
2023-08-30T14:59:22.000,0.71,103.15,-0.16,0.69
2023-08-30T15:14:22.000,0.55,122.37,-0.30,0.47
2023-08-30T15:29:22.000,1.05,104.04,-0.25,1.02
2023-08-30T15:44:22.000,0.62,93.46,-0.04,0.62
2023-08-30T15:59:22.000,0.44,47.74,0.29,0.32
2023-08-30T16:14:22.000,0.65,74.31,0.18,0.63
2023-08-30T16:29:22.000,0.46,55.33,0.26,0.38
2023-08-30T16:44:22.000,0.32,82.27,0.04,0.32
2023-08-30T16:59:22.000,0.31,105.19,-0.08,0.30
2023-08-30T17:14:22.000,0.23,122.49,-0.12,0.19
2023-08-30T17:29:22.000,0.54,105.08,-0.14,0.52
2023-08-30T17:44:22.000,0.15,87.87,0.01,0.15
2023-08-30T17:59:22.000,0.34,123.85,-0.19,0.28
2023-08-30T18:14:22.000,0.17,139.31,-0.13,0.11
2023-08-30T18:29:22.000,0.43,102.09,-0.09,0.42
2023-08-30T18:44:22.000,0.28,83.06,0.03,0.28
2023-08-30T18:59:22.000,0.32,124.42,-0.18,0.26
2023-08-30T19:14:22.000,0.14,78.04,0.03,0.14
2023-08-30T19:29:22.000,0.13,84.44,0.01,0.13
2023-08-30T19:44:22.000,0.39,118.54,-0.19,0.35
2023-08-30T19:59:22.000,0.36,81.62,0.05,0.35
2023-08-30T20:14:22.000,0.34,53.65,0.20,0.28
2023-08-30T20:29:22.000,0.33,60.38,0.16,0.29
2023-08-30T20:44:22.000,0.26,162.85,-0.25,0.08
2023-08-30T20:59:22.000,0.12,76.93,0.03,0.12
2023-08-30T21:14:22.000,0.32,109.83,-0.11,0.30
2023-08-30T21:29:22.000,0.26,22.57,0.24,0.10
2023-08-30T21:44:22.000,0.31,109.84,-0.11,0.29
2023-08-30T21:59:22.000,0.06,78.12,0.01,0.06
2023-08-30T22:14:22.000,0.27,150.26,-0.24,0.13
2023-08-30T22:29:22.000,0.41,6.67,0.41,0.05
2023-08-30T22:44:22.000,0.26,313.10,0.18,-0.19
2023-08-30T22:59:22.000,0.18,2.32,0.18,0.01
2023-08-30T23:14:22.000,0.72,9.86,0.71,0.12
2023-08-30T23:29:22.000,0.55,18.02,0.52,0.17
2023-08-30T23:44:22.000,0.43,2.71,0.43,0.02
2023-08-30T23:59:22.000,0.41,347.63,0.40,-0.09
2023-08-31T00:14:22.000,0.41,354.61,0.41,-0.04
2023-08-31T00:29:22.000,0.32,3.65,0.32,0.02
2023-08-31T00:44:22.000,0.35,355.23,0.35,-0.03
2023-08-31T00:59:22.000,0.10,338.57,0.10,-0.04
2023-08-31T01:14:22.000,0.42,8.44,0.41,0.06
2023-08-31T01:29:22.000,0.16,299.90,0.08,-0.13
2023-08-31T01:44:22.000,0.22,311.82,0.15,-0.16
2023-08-31T01:59:22.000,0.37,17.61,0.35,0.11
2023-08-31T02:14:22.000,0.45,4.09,0.45,0.03
2023-08-31T02:29:22.000,0.24,0.55,0.24,0.00
2023-08-31T02:44:22.000,0.26,353.61,0.26,-0.03
2023-08-31T02:59:22.000,0.33,35.95,0.27,0.20
2023-08-31T03:14:22.000,0.21,353.74,0.21,-0.02
2023-08-31T03:29:22.000,0.16,346.41,0.15,-0.04
2023-08-31T03:44:22.000,0.44,349.46,0.43,-0.08
2023-08-31T03:59:22.000,0.36,11.49,0.35,0.07
2023-08-31T04:14:22.000,0.37,2.99,0.37,0.02
2023-08-31T04:29:22.000,0.31,356.28,0.31,-0.02
2023-08-31T04:44:22.000,0.21,0.36,0.21,0.00
2023-08-31T04:59:22.000,0.27,230.37,-0.17,-0.21
2023-08-31T05:14:22.000,0.36,356.26,0.36,-0.02
2023-08-31T05:29:22.000,0.41,21.04,0.38,0.15
2023-08-31T05:44:22.000,0.33,331.20,0.29,-0.16
2023-08-31T05:59:22.000,0.39,357.77,0.39,-0.02
2023-08-31T06:14:22.000,0.16,334.83,0.15,-0.07
2023-08-31T06:29:22.000,0.43,7.83,0.43,0.06
2023-08-31T06:44:22.000,0.38,321.85,0.30,-0.23
2023-08-31T06:59:22.000,0.26,277.80,0.03,-0.25
2023-08-31T07:14:22.000,0.71,6.32,0.71,0.08
2023-08-31T07:29:22.000,0.41,309.71,0.26,-0.31
2023-08-31T07:44:22.000,0.36,270.35,0.00,-0.36
2023-08-31T07:59:22.000,0.33,274.08,0.02,-0.33
2023-08-31T08:14:22.000,0.24,228.99,-0.16,-0.18
2023-08-31T08:29:22.000,0.36,264.09,-0.04,-0.35
2023-08-31T08:44:22.000,0.20,300.64,0.10,-0.17
2023-08-31T08:59:22.000,0.20,314.79,0.14,-0.14
2023-08-31T09:14:22.000,0.24,348.45,0.23,-0.05
2023-08-31T09:29:22.000,0.20,321.30,0.16,-0.13
2023-08-31T09:44:22.000,0.43,343.18,0.41,-0.12
2023-08-31T09:59:22.000,0.19,4.55,0.19,0.01
2023-08-31T10:14:22.000,0.32,353.10,0.32,-0.04
2023-08-31T10:29:22.000,0.04,306.47,0.02,-0.03
2023-08-31T10:44:22.000,0.46,61.10,0.22,0.41
2023-08-31T10:59:22.000,0.61,29.43,0.53,0.30
2023-08-31T11:14:22.000,0.37,79.51,0.07,0.37
2023-08-31T11:29:22.000,0.04,210.00,-0.04,-0.02
2023-08-31T11:44:22.000,0.35,80.74,0.06,0.35
2023-08-31T11:59:22.000,0.55,84.25,0.05,0.54
2023-08-31T12:14:22.000,0.43,101.83,-0.09,0.42
2023-08-31T12:29:22.000,0.77,119.55,-0.38,0.67
2023-08-31T12:44:22.000,0.32,67.31,0.12,0.30
2023-08-31T12:59:22.000,0.11,48.30,0.07,0.08
2023-08-31T13:14:22.000,0.40,23.31,0.36,0.16
2023-08-31T13:29:22.000,0.35,67.79,0.13,0.32
2023-08-31T13:44:22.000,0.31,33.29,0.26,0.17
2023-08-31T13:59:22.000,0.27,121.05,-0.14,0.23
2023-08-31T14:14:22.000,0.66,56.75,0.36,0.55
2023-08-31T14:29:22.000,0.87,343.67,0.84,-0.25
2023-08-31T14:44:22.000,0.30,16.86,0.29,0.09
2023-08-31T14:59:22.000,0.44,117.63,-0.20,0.39
2023-08-31T15:14:22.000,0.20,66.58,0.08,0.18
2023-08-31T15:29:22.000,0.48,11.95,0.47,0.10
2023-08-31T15:44:22.000,0.23,319.05,0.17,-0.15
2023-08-31T15:59:22.000,0.41,17.00,0.39,0.12
2023-08-31T16:14:22.000,0.14,321.33,0.11,-0.09
2023-08-31T16:29:22.000,0.04,69.76,0.01,0.04
2023-08-31T16:44:22.000,0.09,23.44,0.08,0.04
2023-08-31T16:59:22.000,0.26,19.97,0.25,0.09
2023-08-31T17:14:22.000,0.23,46.24,0.16,0.17
2023-08-31T17:29:22.000,0.28,168.97,-0.28,0.05
2023-08-31T17:44:22.000,0.35,17.95,0.34,0.11
2023-08-31T17:59:22.000,0.06,161.16,-0.06,0.02
2023-08-31T18:14:22.000,0.13,255.07,-0.03,-0.12
2023-08-31T18:29:22.000,0.07,65.15,0.03,0.06
2023-08-31T18:44:22.000,0.16,353.18,0.16,-0.02
2023-08-31T18:59:22.000,0.09,241.45,-0.04,-0.07
2023-08-31T19:14:22.000,0.25,341.42,0.24,-0.08
2023-08-31T19:29:22.000,0.15,342.56,0.15,-0.05
2023-08-31T19:44:22.000,0.10,289.67,0.03,-0.09
2023-08-31T19:59:22.000,0.17,15.73,0.17,0.05
2023-08-31T20:14:22.000,0.24,33.44,0.20,0.13
2023-08-31T20:29:22.000,0.23,319.04,0.17,-0.15
2023-08-31T20:44:22.000,0.19,355.92,0.19,-0.01
2023-08-31T20:59:22.000,0.13,352.29,0.12,-0.02
2023-08-31T21:14:22.000,0.18,281.62,0.04,-0.18
2023-08-31T21:29:22.000,0.44,341.59,0.42,-0.14
2023-08-31T21:44:22.000,0.15,270.78,0.00,-0.15
2023-08-31T21:59:22.000,0.09,2.79,0.09,0.00
2023-08-31T22:14:22.000,0.16,306.99,0.10,-0.13
2023-08-31T22:29:22.000,0.31,266.75,-0.02,-0.31
2023-08-31T22:44:22.000,0.55,224.56,-0.40,-0.39
2023-08-31T22:59:22.000,0.18,273.06,0.01,-0.18
2023-08-31T23:14:22.000,0.11,353.06,0.11,-0.01
2023-08-31T23:29:22.000,0.26,342.35,0.25,-0.08
2023-08-31T23:44:22.000,0.32,266.22,-0.02,-0.31
2023-08-31T23:59:22.000,0.55,278.75,0.08,-0.54
2023-09-01T00:14:22.000,0.25,235.25,-0.14,-0.21
2023-09-01T00:29:22.000,0.23,254.57,-0.06,-0.22
2023-09-01T00:44:22.000,0.11,300.03,0.05,-0.09
2023-09-01T00:59:22.000,0.44,222.82,-0.32,-0.30
2023-09-01T01:14:22.000,0.34,280.79,0.06,-0.33
2023-09-01T01:29:22.000,0.40,247.04,-0.16,-0.37
2023-09-01T01:44:22.000,0.37,234.28,-0.22,-0.30
2023-09-01T01:59:22.000,0.36,243.01,-0.16,-0.32
2023-09-01T02:14:22.000,0.24,260.06,-0.04,-0.24
2023-09-01T02:29:22.000,0.70,236.79,-0.38,-0.58
2023-09-01T02:44:22.000,0.46,230.95,-0.29,-0.36
2023-09-01T02:59:22.000,0.23,222.77,-0.17,-0.16
2023-09-01T03:14:22.000,0.06,306.41,0.04,-0.05
2023-09-01T03:29:22.000,0.24,351.16,0.24,-0.04
2023-09-01T03:44:22.000,0.07,293.17,0.03,-0.06
2023-09-01T03:59:22.000,0.12,349.72,0.12,-0.02
2023-09-01T04:14:22.000,0.24,261.87,-0.03,-0.24
2023-09-01T04:29:22.000,0.13,318.67,0.10,-0.09
2023-09-01T04:44:22.000,0.30,230.65,-0.19,-0.23
2023-09-01T04:59:22.000,0.23,264.37,-0.02,-0.23
2023-09-01T05:14:22.000,0.33,220.03,-0.25,-0.21
2023-09-01T05:29:22.000,0.24,148.21,-0.20,0.12
2023-09-01T05:44:22.000,0.32,201.97,-0.30,-0.12
2023-09-01T05:59:22.000,0.41,20.86,0.38,0.15
2023-09-01T06:14:22.000,0.35,358.27,0.35,-0.01
2023-09-01T06:29:22.000,0.25,9.50,0.25,0.04
2023-09-01T06:44:22.000,0.25,306.64,0.15,-0.20
2023-09-01T06:59:22.000,0.48,5.43,0.48,0.05
2023-09-01T07:14:22.000,0.18,51.60,0.11,0.14
2023-09-01T07:29:22.000,0.27,359.81,0.27,-0.00
2023-09-01T07:44:22.000,0.48,338.31,0.45,-0.18
2023-09-01T07:59:22.000,0.40,3.58,0.40,0.03
2023-09-01T08:14:22.000,0.12,32.11,0.10,0.06
2023-09-01T08:29:22.000,0.40,341.30,0.37,-0.13
2023-09-01T08:44:22.000,0.36,330.42,0.32,-0.18
2023-09-01T08:59:22.000,0.19,308.24,0.12,-0.15
2023-09-01T09:14:22.000,0.31,312.14,0.21,-0.23
2023-09-01T09:29:22.000,0.47,326.41,0.39,-0.26
2023-09-01T09:44:22.000,0.09,294.70,0.04,-0.08
2023-09-01T09:59:22.000,0.03,350.36,0.03,-0.01
2023-09-01T10:14:22.000,0.28,334.17,0.26,-0.12
2023-09-01T10:29:22.000,0.48,7.18,0.48,0.06
2023-09-01T10:44:22.000,0.23,318.27,0.17,-0.16
2023-09-01T10:59:22.000,0.42,28.93,0.37,0.20
2023-09-01T11:14:22.000,0.23,12.14,0.22,0.05
2023-09-01T11:29:22.000,0.26,43.25,0.19,0.18
2023-09-01T11:44:22.000,0.24,67.23,0.09,0.22
2023-09-01T11:59:22.000,0.73,157.19,-0.67,0.28
2023-09-01T12:14:22.000,0.59,143.22,-0.48,0.36
2023-09-01T12:29:22.000,0.15,45.36,0.10,0.11
2023-09-01T12:44:22.000,1.00,150.87,-0.87,0.48
2023-09-01T12:59:22.000,0.39,87.21,0.02,0.38
2023-09-01T13:14:22.000,0.53,125.97,-0.31,0.43
2023-09-01T13:29:22.000,0.52,147.50,-0.44,0.28
2023-09-01T13:44:22.000,0.34,165.23,-0.33,0.09
2023-09-01T13:59:22.000,0.56,122.59,-0.30,0.47
2023-09-01T14:14:22.000,1.46,144.86,-1.20,0.84
2023-09-01T14:29:22.000,0.59,184.91,-0.59,-0.05
2023-09-01T14:44:22.000,0.07,219.05,-0.05,-0.04
2023-09-01T14:59:22.000,0.13,36.68,0.10,0.08
2023-09-01T15:14:22.000,0.09,102.27,-0.02,0.09
2023-09-01T15:29:22.000,0.35,70.57,0.12,0.33
2023-09-01T15:44:22.000,1.12,177.94,-1.12,0.04
2023-09-01T15:59:22.000,0.03,226.31,-0.02,-0.02
2023-09-01T16:14:22.000,0.26,94.63,-0.02,0.26
2023-09-01T16:29:22.000,0.32,3.82,0.32,0.02
2023-09-01T16:44:22.000,0.14,285.75,0.04,-0.13
2023-09-01T16:59:22.000,0.21,212.09,-0.18,-0.11
2023-09-01T17:14:22.000,0.18,204.30,-0.17,-0.08
2023-09-01T17:29:22.000,0.24,347.17,0.23,-0.05
2023-09-01T17:44:22.000,0.22,222.76,-0.16,-0.15
2023-09-01T17:59:22.000,0.24,230.37,-0.15,-0.19
2023-09-01T18:14:22.000,0.09,49.03,0.06,0.07
2023-09-01T18:29:22.000,0.08,354.67,0.08,-0.01
2023-09-01T18:44:22.000,0.54,9.35,0.53,0.09
2023-09-01T18:59:22.000,0.49,4.58,0.49,0.04
2023-09-01T19:14:22.000,0.24,13.34,0.23,0.05
2023-09-01T19:29:22.000,0.36,16.31,0.34,0.10
2023-09-01T19:44:22.000,0.20,357.92,0.20,-0.01
2023-09-01T19:59:22.000,0.37,18.37,0.35,0.12
2023-09-01T20:14:22.000,0.54,360.00,0.54,-0.00
2023-09-01T20:29:22.000,0.30,16.51,0.28,0.08
2023-09-01T20:44:22.000,0.38,349.46,0.38,-0.07
2023-09-01T20:59:22.000,0.64,355.90,0.64,-0.05
2023-09-01T21:14:22.000,0.37,7.90,0.36,0.05
2023-09-01T21:29:22.000,0.10,215.06,-0.08,-0.06
2023-09-01T21:44:22.000,0.20,283.10,0.04,-0.19
2023-09-01T21:59:22.000,0.39,228.34,-0.26,-0.29
2023-09-01T22:14:22.000,0.33,342.54,0.32,-0.10
2023-09-01T22:29:22.000,0.24,298.04,0.11,-0.21
2023-09-01T22:44:22.000,0.75,316.42,0.55,-0.52
2023-09-01T22:59:22.000,0.40,254.74,-0.11,-0.39
2023-09-01T23:14:22.000,0.42,300.34,0.21,-0.36
2023-09-01T23:29:22.000,0.11,325.76,0.09,-0.06
2023-09-01T23:44:22.000,0.16,352.51,0.16,-0.02
2023-09-01T23:59:22.000,0.15,255.37,-0.04,-0.14
2023-09-02T00:14:22.000,0.14,273.32,0.01,-0.14
2023-09-02T00:29:22.000,0.43,10.93,0.42,0.08
2023-09-02T00:44:22.000,0.22,313.78,0.15,-0.16
2023-09-02T00:59:22.000,0.07,354.27,0.07,-0.01
2023-09-02T01:14:22.000,0.22,349.32,0.22,-0.04
2023-09-02T01:29:22.000,0.13,339.04,0.12,-0.05
2023-09-02T01:44:22.000,0.30,10.08,0.30,0.05
2023-09-02T01:59:22.000,0.13,333.12,0.12,-0.06
2023-09-02T02:14:22.000,0.53,332.26,0.47,-0.25
2023-09-02T02:29:22.000,0.25,329.01,0.21,-0.13
2023-09-02T02:44:22.000,0.35,4.46,0.35,0.03
2023-09-02T02:59:22.000,0.19,337.88,0.18,-0.07
2023-09-02T03:14:22.000,0.22,253.20,-0.06,-0.21
2023-09-02T03:29:22.000,0.27,305.36,0.15,-0.22
2023-09-02T03:44:22.000,0.24,325.77,0.20,-0.14
2023-09-02T03:59:22.000,0.19,254.39,-0.05,-0.18
2023-09-02T04:14:22.000,0.29,224.12,-0.21,-0.20
2023-09-02T04:29:22.000,0.18,254.52,-0.05,-0.17
2023-09-02T04:44:22.000,0.22,222.88,-0.16,-0.15
2023-09-02T04:59:22.000,0.09,245.39,-0.04,-0.08
2023-09-02T05:14:22.000,0.23,214.08,-0.19,-0.13
2023-09-02T05:29:22.000,0.33,198.22,-0.31,-0.10
2023-09-02T05:44:22.000,0.24,247.52,-0.09,-0.22
2023-09-02T05:59:22.000,0.42,276.32,0.05,-0.42
2023-09-02T06:14:22.000,0.14,317.31,0.10,-0.09
2023-09-02T06:29:22.000,0.75,349.94,0.74,-0.13
2023-09-02T06:44:22.000,0.51,290.67,0.18,-0.48
2023-09-02T06:59:22.000,0.23,274.69,0.02,-0.23
2023-09-02T07:14:22.000,0.51,267.24,-0.02,-0.51
2023-09-02T07:29:22.000,0.51,289.26,0.17,-0.48
2023-09-02T07:44:22.000,0.48,263.71,-0.05,-0.47
2023-09-02T07:59:22.000,0.39,273.61,0.02,-0.39
2023-09-02T08:14:22.000,0.20,226.79,-0.14,-0.14
2023-09-02T08:29:22.000,0.18,252.40,-0.05,-0.17
2023-09-02T08:44:22.000,0.24,212.55,-0.20,-0.13
2023-09-02T08:59:22.000,0.12,206.72,-0.11,-0.05
2023-09-02T09:14:22.000,0.31,112.34,-0.12,0.29
2023-09-02T09:29:22.000,0.69,173.40,-0.68,0.08
2023-09-02T09:44:22.000,0.48,168.05,-0.47,0.10
2023-09-02T09:59:22.000,0.34,173.56,-0.33,0.04
2023-09-02T10:14:22.000,0.60,141.47,-0.47,0.38
2023-09-02T10:29:22.000,0.31,119.63,-0.15,0.27
2023-09-02T10:44:22.000,0.29,154.92,-0.26,0.12
2023-09-02T10:59:22.000,0.15,113.27,-0.06,0.14
2023-09-02T11:14:22.000,0.40,143.03,-0.32,0.24
2023-09-02T11:29:22.000,0.53,148.43,-0.45,0.28
2023-09-02T11:44:22.000,2.36,147.28,-1.98,1.27
2023-09-02T11:59:22.000,1.69,147.56,-1.42,0.90
2023-09-02T12:14:22.000,1.97,147.21,-1.66,1.07
2023-09-02T12:29:22.000,2.44,160.65,-2.30,0.81
2023-09-02T12:44:22.000,1.27,136.70,-0.92,0.87
2023-09-02T12:59:22.000,1.76,141.08,-1.37,1.11
2023-09-02T13:14:22.000,1.50,147.75,-1.27,0.80
2023-09-02T13:29:22.000,1.91,148.34,-1.63,1.00
2023-09-02T13:44:22.000,1.02,130.78,-0.67,0.77
2023-09-02T13:59:22.000,0.91,136.91,-0.66,0.62
2023-09-02T14:14:22.000,0.27,41.96,0.20,0.18
2023-09-02T14:29:22.000,0.34,98.95,-0.05,0.34
2023-09-02T14:44:22.000,0.43,124.83,-0.25,0.35
2023-09-02T14:59:22.000,0.27,156.18,-0.25,0.11
2023-09-02T15:14:22.000,0.27,144.49,-0.22,0.16
2023-09-02T15:29:22.000,0.99,129.48,-0.63,0.76
2023-09-02T15:44:22.000,0.49,123.16,-0.27,0.41
2023-09-02T15:59:22.000,1.22,161.68,-1.16,0.38
2023-09-02T16:14:22.000,0.82,132.45,-0.55,0.60
2023-09-02T16:29:22.000,0.35,31.49,0.30,0.18
2023-09-02T16:44:22.000,1.10,123.84,-0.61,0.91
2023-09-02T16:59:22.000,0.07,68.78,0.03,0.07
2023-09-02T17:14:22.000,0.63,103.48,-0.15,0.61
2023-09-02T17:29:22.000,0.28,43.17,0.21,0.19
2023-09-02T17:44:22.000,0.07,204.17,-0.06,-0.03
2023-09-02T17:59:22.000,0.24,54.62,0.14,0.20
2023-09-02T18:14:22.000,0.40,107.04,-0.12,0.38
2023-09-02T18:29:22.000,0.14,357.91,0.14,-0.01
2023-09-02T18:44:22.000,0.39,29.84,0.34,0.20
2023-09-02T18:59:22.000,0.48,71.38,0.15,0.46
2023-09-02T19:14:22.000,0.06,97.66,-0.01,0.06
2023-09-02T19:29:22.000,0.24,357.07,0.23,-0.01
2023-09-02T19:44:22.000,0.13,182.94,-0.13,-0.01
2023-09-02T19:59:22.000,0.02,151.49,-0.02,0.01
2023-09-02T20:14:22.000,0.31,85.52,0.02,0.31
2023-09-02T20:29:22.000,0.16,351.49,0.16,-0.02
2023-09-02T20:44:22.000,0.41,35.56,0.34,0.24
2023-09-02T20:59:22.000,0.08,329.82,0.07,-0.04
2023-09-02T21:14:22.000,0.05,167.97,-0.05,0.01
2023-09-02T21:29:22.000,0.11,334.15,0.10,-0.05
2023-09-02T21:44:22.000,0.24,38.76,0.19,0.15
2023-09-02T21:59:22.000,0.16,76.27,0.04,0.15
2023-09-02T22:14:22.000,0.05,354.16,0.05,-0.00
2023-09-02T22:29:22.000,0.13,252.40,-0.04,-0.13
2023-09-02T22:44:22.000,0.17,255.75,-0.04,-0.17
2023-09-02T22:59:22.000,0.26,13.32,0.25,0.06
2023-09-02T23:14:22.000,0.13,339.94,0.12,-0.04
2023-09-02T23:29:22.000,0.13,277.93,0.02,-0.13
2023-09-02T23:44:22.000,0.10,286.62,0.03,-0.10
2023-09-02T23:59:22.000,0.22,322.75,0.17,-0.13
2023-09-03T00:14:22.000,0.02,7.83,0.02,0.00
2023-09-03T00:29:22.000,0.33,217.63,-0.26,-0.20
2023-09-03T00:44:22.000,0.24,250.35,-0.08,-0.23
2023-09-03T00:59:22.000,0.18,230.51,-0.11,-0.14
2023-09-03T01:14:22.000,0.13,277.11,0.02,-0.13
2023-09-03T01:29:22.000,0.28,221.75,-0.21,-0.19
2023-09-03T01:44:22.000,0.50,6.12,0.50,0.05
2023-09-03T01:59:22.000,0.62,8.79,0.61,0.09
2023-09-03T02:14:22.000,0.05,241.02,-0.03,-0.05
2023-09-03T02:29:22.000,0.02,167.99,-0.02,0.00
2023-09-03T02:44:22.000,0.24,193.29,-0.24,-0.06
2023-09-03T02:59:22.000,0.17,137.08,-0.13,0.12
2023-09-03T03:14:22.000,0.29,191.33,-0.28,-0.06
2023-09-03T03:29:22.000,0.31,163.38,-0.30,0.09
2023-09-03T03:44:22.000,0.21,179.46,-0.21,0.00
2023-09-03T03:59:22.000,0.28,184.07,-0.28,-0.02
2023-09-03T04:14:22.000,0.28,202.47,-0.26,-0.11
2023-09-03T04:29:22.000,0.35,188.33,-0.34,-0.05
2023-09-03T04:44:22.000,0.33,213.05,-0.28,-0.18
2023-09-03T04:59:22.000,0.29,187.26,-0.29,-0.04
2023-09-03T05:14:22.000,0.32,213.16,-0.27,-0.18
2023-09-03T05:29:22.000,0.29,246.51,-0.12,-0.27
2023-09-03T05:44:22.000,0.17,141.80,-0.13,0.10
2023-09-03T05:59:22.000,0.16,142.69,-0.13,0.10
2023-09-03T06:14:22.000,0.07,161.17,-0.07,0.02
2023-09-03T06:29:22.000,0.38,359.54,0.38,-0.00
2023-09-03T06:44:22.000,0.08,25.91,0.07,0.03
2023-09-03T06:59:22.000,0.12,356.36,0.12,-0.01
2023-09-03T07:14:22.000,0.31,52.68,0.19,0.24
2023-09-03T07:29:22.000,0.22,190.65,-0.22,-0.04
2023-09-03T07:44:22.000,0.06,123.30,-0.03,0.05
2023-09-03T07:59:22.000,0.43,358.76,0.43,-0.01
2023-09-03T08:14:22.000,0.22,36.43,0.18,0.13
2023-09-03T08:29:22.000,0.29,24.43,0.26,0.12
2023-09-03T08:44:22.000,0.35,34.54,0.29,0.20
2023-09-03T08:59:22.000,0.33,38.07,0.26,0.21
2023-09-03T09:14:22.000,0.24,79.11,0.05,0.24
2023-09-03T09:29:22.000,0.23,209.36,-0.20,-0.11
2023-09-03T09:44:22.000,0.22,75.25,0.06,0.21
2023-09-03T09:59:22.000,0.20,100.55,-0.04,0.20
2023-09-03T10:14:22.000,0.04,197.80,-0.04,-0.01
2023-09-03T10:29:22.000,0.28,17.96,0.27,0.09
2023-09-03T10:44:22.000,0.22,97.87,-0.03,0.22
2023-09-03T10:59:22.000,0.44,167.28,-0.43,0.10
2023-09-03T11:14:22.000,1.16,122.08,-0.62,0.98
2023-09-03T11:29:22.000,0.61,183.54,-0.61,-0.04
2023-09-03T11:44:22.000,0.54,130.21,-0.35,0.41
2023-09-03T11:59:22.000,0.82,73.06,0.24,0.78
2023-09-03T12:14:22.000,1.45,128.75,-0.91,1.13
2023-09-03T12:29:22.000,0.77,114.67,-0.32,0.70
2023-09-03T12:44:22.000,0.25,144.24,-0.20,0.14
2023-09-03T12:59:22.000,0.45,119.76,-0.22,0.39
2023-09-03T13:14:22.000,0.58,113.66,-0.23,0.53
2023-09-03T13:29:22.000,2.64,156.59,-2.42,1.05
2023-09-03T13:44:22.000,0.25,102.51,-0.05,0.25
2023-09-03T13:59:22.000,0.65,62.45,0.30,0.58
2023-09-03T14:14:22.000,0.60,132.60,-0.40,0.44
2023-09-03T14:29:22.000,1.43,138.42,-1.07,0.95
2023-09-03T14:44:22.000,0.42,70.16,0.14,0.40
2023-09-03T14:59:22.000,0.85,49.89,0.55,0.65
2023-09-03T15:14:22.000,0.45,62.67,0.21,0.40
2023-09-03T15:29:22.000,1.15,41.03,0.87,0.75
2023-09-03T15:44:22.000,0.54,12.82,0.53,0.12
2023-09-03T15:59:22.000,0.74,82.89,0.09,0.74
2023-09-03T16:14:22.000,0.69,9.32,0.68,0.11
2023-09-03T16:29:22.000,0.47,62.73,0.22,0.42
2023-09-03T16:44:22.000,0.43,127.77,-0.26,0.34
2023-09-03T16:59:22.000,0.29,98.76,-0.04,0.29
2023-09-03T17:14:22.000,0.66,85.84,0.05,0.65
2023-09-03T17:29:22.000,0.49,38.94,0.38,0.31
2023-09-03T17:44:22.000,0.46,25.86,0.42,0.20
2023-09-03T17:59:22.000,0.45,33.22,0.37,0.24
2023-09-03T18:14:22.000,0.93,355.03,0.93,-0.08
2023-09-03T18:29:22.000,0.24,44.57,0.17,0.17
2023-09-03T18:44:22.000,0.27,60.62,0.13,0.24
2023-09-03T18:59:22.000,0.19,92.56,-0.01,0.19
2023-09-03T19:14:22.000,0.34,164.56,-0.33,0.09
2023-09-03T19:29:22.000,0.20,76.16,0.05,0.20
2023-09-03T19:44:22.000,0.18,94.81,-0.02,0.18
2023-09-03T19:59:22.000,0.19,109.59,-0.06,0.18
2023-09-03T20:14:22.000,0.11,142.10,-0.09,0.07
2023-09-03T20:29:22.000,0.04,199.69,-0.04,-0.01
2023-09-03T20:44:22.000,0.38,171.66,-0.37,0.05
2023-09-03T20:59:22.000,0.17,118.40,-0.08,0.15
2023-09-03T21:14:22.000,0.18,333.55,0.16,-0.08
2023-09-03T21:29:22.000,0.13,254.85,-0.04,-0.13
2023-09-03T21:44:22.000,0.06,175.65,-0.06,0.00
2023-09-03T21:59:22.000,0.23,232.50,-0.14,-0.18
2023-09-03T22:14:22.000,0.29,309.32,0.19,-0.23
2023-09-03T22:29:22.000,0.21,186.18,-0.20,-0.02
2023-09-03T22:44:22.000,0.21,200.06,-0.19,-0.07
2023-09-03T22:59:22.000,0.16,297.61,0.08,-0.15
2023-09-03T23:14:22.000,0.07,281.39,0.01,-0.07
2023-09-03T23:29:22.000,0.16,126.05,-0.09,0.13
2023-09-03T23:44:22.000,0.19,183.35,-0.19,-0.01
2023-09-03T23:59:22.000,0.14,11.94,0.14,0.03
2023-09-04T00:14:22.000,0.26,174.87,-0.26,0.02
2023-09-04T00:29:22.000,0.20,67.60,0.08,0.19
2023-09-04T00:44:22.000,0.14,152.82,-0.12,0.06
2023-09-04T00:59:22.000,0.22,181.74,-0.22,-0.01
2023-09-04T01:14:22.000,0.21,210.66,-0.18,-0.11
2023-09-04T01:29:22.000,0.76,146.94,-0.64,0.42
2023-09-04T01:44:22.000,0.15,197.41,-0.14,-0.04
2023-09-04T01:59:22.000,0.22,129.41,-0.14,0.17
2023-09-04T02:14:22.000,0.32,141.46,-0.25,0.20
2023-09-04T02:29:22.000,0.21,85.35,0.02,0.21
2023-09-04T02:44:22.000,0.46,119.69,-0.23,0.40
2023-09-04T02:59:22.000,0.13,167.80,-0.12,0.03
2023-09-04T03:14:22.000,0.27,187.67,-0.26,-0.04
2023-09-04T03:29:22.000,0.11,65.40,0.05,0.10
2023-09-04T03:44:22.000,0.29,106.71,-0.08,0.28
2023-09-04T03:59:22.000,0.71,19.53,0.67,0.24
2023-09-04T04:14:22.000,0.25,61.80,0.12,0.22
2023-09-04T04:29:22.000,0.30,48.91,0.20,0.22
2023-09-04T04:44:22.000,0.17,102.98,-0.04,0.17
2023-09-04T04:59:22.000,0.02,104.16,-0.01,0.02
2023-09-04T05:14:22.000,0.06,347.90,0.05,-0.01
2023-09-04T05:29:22.000,0.45,108.39,-0.14,0.43
2023-09-04T05:44:22.000,0.45,68.47,0.16,0.42
2023-09-04T05:59:22.000,0.06,99.40,-0.01,0.06
2023-09-04T06:14:22.000,0.06,235.01,-0.04,-0.05
2023-09-04T06:29:22.000,0.07,5.29,0.07,0.01
2023-09-04T06:44:22.000,0.24,212.61,-0.21,-0.13
2023-09-04T06:59:22.000,0.30,30.38,0.26,0.15
2023-09-04T07:14:22.000,0.18,39.83,0.14,0.12
2023-09-04T07:29:22.000,0.27,67.67,0.10,0.25
2023-09-04T07:44:22.000,0.60,113.60,-0.24,0.55
2023-09-04T07:59:22.000,0.06,153.67,-0.05,0.03
2023-09-04T08:14:22.000,0.34,94.57,-0.03,0.34
2023-09-04T08:29:22.000,0.24,218.14,-0.18,-0.15
2023-09-04T08:44:22.000,0.16,86.62,0.01,0.16
2023-09-04T08:59:22.000,0.24,5.01,0.24,0.02
2023-09-04T09:14:22.000,1.24,99.96,-0.21,1.22
2023-09-04T09:29:22.000,0.67,143.08,-0.54,0.40
2023-09-04T09:44:22.000,0.50,143.01,-0.40,0.30
2023-09-04T09:59:22.000,0.61,115.18,-0.26,0.55
2023-09-04T10:14:22.000,0.39,122.52,-0.21,0.33
2023-09-04T10:29:22.000,0.48,40.14,0.36,0.31
2023-09-04T10:44:22.000,0.37,205.67,-0.33,-0.16
2023-09-04T10:59:22.000,0.50,170.79,-0.49,0.08
2023-09-04T11:14:22.000,0.21,169.55,-0.21,0.04
2023-09-04T11:29:22.000,0.99,48.51,0.66,0.74
2023-09-04T11:44:22.000,0.09,258.25,-0.02,-0.09
2023-09-04T11:59:22.000,0.30,127.07,-0.18,0.24
2023-09-04T12:14:22.000,0.54,52.79,0.33,0.43
2023-09-04T12:29:22.000,0.49,114.04,-0.20,0.44
2023-09-04T12:44:22.000,0.33,75.70,0.08,0.32
2023-09-04T12:59:22.000,0.43,184.48,-0.43,-0.03
2023-09-04T13:14:22.000,0.08,155.81,-0.08,0.03
2023-09-04T13:29:22.000,0.14,180.15,-0.14,-0.00
2023-09-04T13:44:22.000,0.11,62.36,0.05,0.10
2023-09-04T13:59:22.000,0.46,197.37,-0.44,-0.14
2023-09-04T14:14:22.000,0.22,122.57,-0.12,0.18
2023-09-04T14:29:22.000,0.13,110.78,-0.05,0.12
2023-09-04T14:44:22.000,0.30,119.03,-0.15,0.27
2023-09-04T14:59:22.000,0.38,75.88,0.09,0.37
2023-09-04T15:14:22.000,0.36,93.35,-0.02,0.36
2023-09-04T15:29:22.000,0.57,172.90,-0.57,0.07
2023-09-04T15:44:22.000,0.04,9.31,0.04,0.01
2023-09-04T15:59:22.000,0.22,201.65,-0.20,-0.08
2023-09-04T16:14:22.000,0.31,156.35,-0.29,0.13
2023-09-04T16:29:22.000,0.43,138.50,-0.33,0.29
2023-09-04T16:44:22.000,0.39,75.34,0.10,0.38
2023-09-04T16:59:22.000,0.39,151.78,-0.34,0.18
2023-09-04T17:14:22.000,0.46,114.86,-0.20,0.42
2023-09-04T17:29:22.000,0.31,114.58,-0.13,0.28
2023-09-04T17:44:22.000,0.19,67.01,0.07,0.17
2023-09-04T17:59:22.000,0.32,108.03,-0.10,0.30
2023-09-04T18:14:22.000,0.37,89.83,0.00,0.37
2023-09-04T18:29:22.000,0.18,119.60,-0.09,0.15
2023-09-04T18:44:22.000,0.87,74.26,0.24,0.84
2023-09-04T18:59:22.000,0.38,31.43,0.32,0.20
2023-09-04T19:14:22.000,0.24,170.33,-0.23,0.04
2023-09-04T19:29:22.000,0.51,67.75,0.20,0.48
2023-09-04T19:44:22.000,0.25,129.29,-0.16,0.19
2023-09-04T19:59:22.000,0.42,44.83,0.29,0.29
2023-09-04T20:14:22.000,0.70,56.94,0.38,0.58
2023-09-04T20:29:22.000,0.27,85.32,0.02,0.27
2023-09-04T20:44:22.000,0.25,64.44,0.11,0.23
2023-09-04T20:59:22.000,0.11,307.99,0.07,-0.09
2023-09-04T21:14:22.000,0.25,78.51,0.05,0.25
2023-09-04T21:29:22.000,0.43,35.59,0.35,0.25
2023-09-04T21:44:22.000,0.30,49.86,0.19,0.23
2023-09-04T21:59:22.000,0.40,71.93,0.13,0.38
2023-09-04T22:14:22.000,0.12,234.69,-0.07,-0.10
2023-09-04T22:29:22.000,0.20,63.99,0.09,0.18
2023-09-04T22:44:22.000,0.58,116.48,-0.26,0.52
2023-09-04T22:59:22.000,0.41,63.15,0.19,0.37
2023-09-04T23:14:22.000,0.40,62.42,0.19,0.36
2023-09-04T23:29:22.000,0.29,60.10,0.14,0.25
2023-09-04T23:44:22.000,0.46,39.64,0.35,0.29
2023-09-04T23:59:22.000,0.35,56.21,0.19,0.29
2023-09-05T00:14:22.000,0.36,92.36,-0.01,0.36
2023-09-05T00:29:22.000,0.53,65.25,0.22,0.48
2023-09-05T00:44:22.000,0.34,79.25,0.06,0.34
2023-09-05T00:59:22.000,0.28,83.48,0.03,0.27
2023-09-05T01:14:22.000,0.25,47.54,0.17,0.18
2023-09-05T01:29:22.000,0.06,123.25,-0.04,0.05
2023-09-05T01:44:22.000,0.06,303.31,0.03,-0.05
2023-09-05T01:59:22.000,0.16,301.68,0.08,-0.14
2023-09-05T02:14:22.000,0.46,334.41,0.41,-0.20
2023-09-05T02:29:22.000,0.53,255.96,-0.13,-0.52
2023-09-05T02:44:22.000,0.67,2.55,0.67,0.03
2023-09-05T02:59:22.000,0.61,325.53,0.50,-0.35
2023-09-05T03:14:22.000,0.34,356.16,0.34,-0.02
2023-09-05T03:29:22.000,0.20,50.54,0.13,0.16
2023-09-05T03:44:22.000,0.08,262.29,-0.01,-0.08
2023-09-05T03:59:22.000,0.12,39.72,0.10,0.08
2023-09-05T04:14:22.000,0.33,101.74,-0.07,0.32
2023-09-05T04:29:22.000,0.38,173.20,-0.38,0.04
2023-09-05T04:44:22.000,0.28,99.07,-0.04,0.28
2023-09-05T04:59:22.000,0.42,170.48,-0.42,0.07
2023-09-05T05:14:22.000,0.19,81.00,0.03,0.18
2023-09-05T05:29:22.000,0.26,115.04,-0.11,0.24
2023-09-05T05:44:22.000,0.37,17.19,0.35,0.11
2023-09-05T05:59:22.000,0.30,355.59,0.30,-0.02
2023-09-05T06:14:22.000,0.46,351.77,0.45,-0.07
2023-09-05T06:29:22.000,0.60,0.24,0.60,0.00
2023-09-05T06:44:22.000,0.26,299.08,0.13,-0.23
2023-09-05T06:59:22.000,0.71,14.74,0.69,0.18
2023-09-05T07:14:22.000,0.32,340.81,0.30,-0.11
2023-09-05T07:29:22.000,0.33,353.70,0.33,-0.04
2023-09-05T07:44:22.000,0.25,273.27,0.01,-0.25
2023-09-05T07:59:22.000,0.35,9.63,0.35,0.06
2023-09-05T08:14:22.000,0.32,21.11,0.30,0.11
2023-09-05T08:29:22.000,0.16,359.21,0.16,-0.00
2023-09-05T08:44:22.000,0.40,23.89,0.36,0.16
2023-09-05T08:59:22.000,0.19,120.54,-0.09,0.16
2023-09-05T09:14:22.000,0.29,143.34,-0.23,0.17
2023-09-05T09:29:22.000,0.19,71.35,0.06,0.18
2023-09-05T09:44:22.000,0.16,230.61,-0.10,-0.13
2023-09-05T09:59:22.000,0.38,28.77,0.34,0.18
2023-09-05T10:14:22.000,0.55,70.57,0.18,0.52
2023-09-05T10:29:22.000,0.52,110.25,-0.18,0.49
2023-09-05T10:44:22.000,0.21,72.23,0.06,0.20
2023-09-05T10:59:22.000,0.37,63.50,0.16,0.33
2023-09-05T11:14:22.000,1.42,166.80,-1.38,0.32
2023-09-05T11:29:22.000,0.80,173.82,-0.79,0.09
2023-09-05T11:44:22.000,0.59,160.38,-0.55,0.20
2023-09-05T11:59:22.000,1.71,160.39,-1.61,0.57
2023-09-05T12:14:22.000,0.71,131.62,-0.47,0.53
2023-09-05T12:29:22.000,0.74,134.06,-0.52,0.54
2023-09-05T12:44:22.000,1.07,158.02,-0.99,0.40
2023-09-05T12:59:22.000,1.05,148.94,-0.90,0.54
2023-09-05T13:14:22.000,1.43,126.14,-0.84,1.15
2023-09-05T13:29:22.000,0.28,203.52,-0.25,-0.11
2023-09-05T13:44:22.000,0.38,154.68,-0.35,0.16
2023-09-05T13:59:22.000,0.61,108.46,-0.19,0.58
2023-09-05T14:14:22.000,0.23,79.11,0.04,0.23
2023-09-05T14:29:22.000,0.29,69.73,0.10,0.27
2023-09-05T14:44:22.000,1.03,142.53,-0.81,0.62
2023-09-05T14:59:22.000,0.23,159.99,-0.21,0.08
2023-09-05T15:14:22.000,0.68,175.55,-0.68,0.05
2023-09-05T15:29:22.000,0.36,202.43,-0.33,-0.14
2023-09-05T15:44:22.000,0.58,156.04,-0.53,0.24
2023-09-05T15:59:22.000,0.17,73.54,0.05,0.17
2023-09-05T16:14:22.000,0.22,171.95,-0.22,0.03
2023-09-05T16:29:22.000,0.37,129.03,-0.23,0.29
2023-09-05T16:44:22.000,0.75,122.30,-0.40,0.64
2023-09-05T16:59:22.000,0.23,182.95,-0.23,-0.01
2023-09-05T17:14:22.000,0.21,159.19,-0.20,0.08
2023-09-05T17:29:22.000,0.22,121.29,-0.11,0.19
2023-09-05T17:44:22.000,0.11,221.65,-0.08,-0.08
2023-09-05T17:59:22.000,0.30,174.57,-0.30,0.03
2023-09-05T18:14:22.000,0.42,141.81,-0.33,0.26
2023-09-05T18:29:22.000,0.35,151.07,-0.30,0.17
2023-09-05T18:44:22.000,0.09,183.49,-0.09,-0.01
2023-09-05T18:59:22.000,0.11,224.15,-0.08,-0.08
2023-09-05T19:14:22.000,0.26,250.74,-0.08,-0.24
2023-09-05T19:29:22.000,0.20,267.64,-0.01,-0.20
2023-09-05T19:44:22.000,0.38,233.98,-0.22,-0.30
2023-09-05T19:59:22.000,0.40,206.93,-0.35,-0.18
2023-09-05T20:14:22.000,0.27,238.47,-0.14,-0.23
2023-09-05T20:29:22.000,0.06,192.70,-0.06,-0.01
2023-09-05T20:44:22.000,0.19,214.90,-0.16,-0.11
2023-09-05T20:59:22.000,0.01,216.70,-0.01,-0.01
2023-09-05T21:14:22.000,0.25,214.94,-0.21,-0.14
2023-09-05T21:29:22.000,0.17,305.79,0.10,-0.14
2023-09-05T21:44:22.000,0.47,236.79,-0.26,-0.40
2023-09-05T21:59:22.000,0.03,1.92,0.03,0.00
2023-09-05T22:14:22.000,0.35,237.49,-0.19,-0.30
2023-09-05T22:29:22.000,0.21,169.68,-0.21,0.04
2023-09-05T22:44:22.000,0.20,89.22,0.00,0.20
2023-09-05T22:59:22.000,0.23,266.19,-0.02,-0.23
2023-09-05T23:14:22.000,0.15,327.74,0.13,-0.08
2023-09-05T23:29:22.000,0.31,85.88,0.02,0.31
2023-09-05T23:44:22.000,0.24,189.25,-0.24,-0.04
2023-09-05T23:59:22.000,0.21,356.52,0.21,-0.01
2023-09-06T00:14:22.000,0.05,176.52,-0.05,0.00
2023-09-06T00:29:22.000,0.23,244.16,-0.10,-0.21
2023-09-06T00:44:22.000,0.08,285.53,0.02,-0.08
2023-09-06T00:59:22.000,0.14,56.03,0.08,0.11
2023-09-06T01:14:22.000,0.57,353.91,0.57,-0.06
2023-09-06T01:29:22.000,0.37,350.23,0.37,-0.06
2023-09-06T01:44:22.000,0.32,328.50,0.28,-0.17
2023-09-06T01:59:22.000,0.41,345.71,0.40,-0.10
2023-09-06T02:14:22.000,0.49,316.66,0.36,-0.34
2023-09-06T02:29:22.000,0.40,339.25,0.37,-0.14
2023-09-06T02:44:22.000,0.15,269.04,-0.00,-0.15
2023-09-06T02:59:22.000,1.00,240.76,-0.49,-0.88
2023-09-06T03:14:22.000,0.96,242.78,-0.44,-0.86
2023-09-06T03:29:22.000,0.59,286.12,0.16,-0.57
2023-09-06T03:44:22.000,0.46,316.47,0.33,-0.31
2023-09-06T03:59:22.000,0.32,247.45,-0.12,-0.29
2023-09-06T04:14:22.000,0.54,252.29,-0.16,-0.52
2023-09-06T04:29:22.000,0.20,325.88,0.16,-0.11
2023-09-06T04:44:22.000,0.44,305.57,0.26,-0.36
2023-09-06T04:59:22.000,0.30,286.77,0.09,-0.29
2023-09-06T05:14:22.000,0.20,193.42,-0.19,-0.05
2023-09-06T05:29:22.000,0.23,280.85,0.04,-0.22
2023-09-06T05:44:22.000,0.51,337.41,0.48,-0.20
2023-09-06T05:59:22.000,0.33,256.40,-0.08,-0.32
2023-09-06T06:14:22.000,0.35,251.87,-0.11,-0.34
2023-09-06T06:29:22.000,0.32,337.93,0.30,-0.12
2023-09-06T06:44:22.000,0.53,264.17,-0.05,-0.52
2023-09-06T06:59:22.000,0.45,236.17,-0.25,-0.38
2023-09-06T07:14:22.000,0.52,315.62,0.38,-0.37
2023-09-06T07:29:22.000,0.49,272.30,0.02,-0.49
2023-09-06T07:44:22.000,0.67,244.96,-0.28,-0.61
2023-09-06T07:59:22.000,0.43,262.33,-0.06,-0.43
2023-09-06T08:14:22.000,0.38,266.02,-0.03,-0.38
2023-09-06T08:29:22.000,0.78,306.10,0.46,-0.63
2023-09-06T08:44:22.000,0.59,241.80,-0.28,-0.52
2023-09-06T08:59:22.000,0.27,228.38,-0.18,-0.20
2023-09-06T09:14:22.000,0.28,289.28,0.09,-0.26
2023-09-06T09:29:22.000,0.19,339.39,0.18,-0.07
2023-09-06T09:44:22.000,0.48,202.03,-0.45,-0.18
2023-09-06T09:59:22.000,0.10,299.24,0.05,-0.09
2023-09-06T10:14:22.000,0.08,326.76,0.07,-0.04
2023-09-06T10:29:22.000,0.12,210.68,-0.11,-0.06
2023-09-06T10:44:22.000,0.31,109.91,-0.10,0.29
2023-09-06T10:59:22.000,0.21,216.23,-0.17,-0.13
2023-09-06T11:14:22.000,0.11,341.60,0.10,-0.03
2023-09-06T11:29:22.000,0.34,212.52,-0.29,-0.18
2023-09-06T11:44:22.000,0.10,241.08,-0.05,-0.09
2023-09-06T11:59:22.000,0.11,4.03,0.11,0.01
2023-09-06T12:14:22.000,0.10,48.45,0.07,0.08
2023-09-06T12:29:22.000,0.04,275.02,0.00,-0.04
2023-09-06T12:44:22.000,0.16,226.49,-0.11,-0.11
2023-09-06T12:59:22.000,0.46,113.37,-0.18,0.42
2023-09-06T13:14:22.000,0.18,351.92,0.18,-0.03
2023-09-06T13:29:22.000,0.17,88.97,0.00,0.17
2023-09-06T13:44:22.000,0.18,125.88,-0.10,0.14
2023-09-06T13:59:22.000,0.08,344.81,0.08,-0.02
2023-09-06T14:14:22.000,0.49,138.75,-0.37,0.33
2023-09-06T14:29:22.000,0.28,354.44,0.27,-0.03
2023-09-06T14:44:22.000,0.38,142.95,-0.30,0.23
2023-09-06T14:59:22.000,0.22,88.62,0.01,0.22
2023-09-06T15:14:22.000,0.37,134.33,-0.26,0.27
2023-09-06T15:29:22.000,0.22,5.04,0.22,0.02
2023-09-06T15:44:22.000,0.64,148.01,-0.54,0.34
2023-09-06T15:59:22.000,0.13,331.26,0.11,-0.06
2023-09-06T16:14:22.000,0.21,8.57,0.21,0.03
2023-09-06T16:29:22.000,0.69,167.87,-0.67,0.14
2023-09-06T16:44:22.000,0.15,53.13,0.09,0.12
2023-09-06T16:59:22.000,0.08,145.82,-0.06,0.04
2023-09-06T17:14:22.000,0.14,6.83,0.14,0.02
2023-09-06T17:29:22.000,0.20,117.53,-0.09,0.18
2023-09-06T17:44:22.000,0.33,6.70,0.33,0.04
2023-09-06T17:59:22.000,0.06,157.39,-0.05,0.02
2023-09-06T18:14:22.000,0.13,37.72,0.10,0.08
2023-09-06T18:29:22.000,0.17,301.23,0.09,-0.15
2023-09-06T18:44:22.000,0.36,241.74,-0.17,-0.32
2023-09-06T18:59:22.000,0.12,216.26,-0.10,-0.07
2023-09-06T19:14:22.000,0.13,45.80,0.09,0.10
2023-09-06T19:29:22.000,0.07,241.62,-0.03,-0.06
2023-09-06T19:44:22.000,0.25,132.11,-0.17,0.19
2023-09-06T19:59:22.000,0.13,306.00,0.08,-0.11
2023-09-06T20:14:22.000,0.14,345.90,0.14,-0.04
2023-09-06T20:29:22.000,0.14,280.51,0.02,-0.13
2023-09-06T20:44:22.000,0.17,276.77,0.02,-0.17
2023-09-06T20:59:22.000,0.29,309.76,0.19,-0.23
2023-09-06T21:14:22.000,0.32,180.97,-0.32,-0.01
2023-09-06T21:29:22.000,0.20,22.21,0.18,0.07
2023-09-06T21:44:22.000,0.21,259.93,-0.04,-0.21
2023-09-06T21:59:22.000,0.15,166.37,-0.15,0.04
2023-09-06T22:14:22.000,0.26,53.60,0.15,0.21
2023-09-06T22:29:22.000,0.35,22.08,0.33,0.13
2023-09-06T22:44:22.000,0.24,155.28,-0.22,0.10
2023-09-06T22:59:22.000,0.26,185.17,-0.26,-0.02
2023-09-06T23:14:22.000,0.51,205.89,-0.46,-0.22
2023-09-06T23:29:22.000,0.14,200.45,-0.13,-0.05
2023-09-06T23:44:22.000,0.20,242.35,-0.09,-0.18
2023-09-06T23:59:22.000,0.09,170.76,-0.09,0.02
2023-09-07T00:14:22.000,0.17,160.25,-0.16,0.06
2023-09-07T00:29:22.000,0.16,279.73,0.03,-0.16
2023-09-07T00:44:22.000,0.14,165.33,-0.13,0.04
2023-09-07T00:59:22.000,0.03,249.71,-0.01,-0.03
2023-09-07T01:14:22.000,0.11,225.64,-0.08,-0.08
2023-09-07T01:29:22.000,0.25,257.57,-0.05,-0.25
2023-09-07T01:44:22.000,0.16,223.14,-0.12,-0.11
2023-09-07T01:59:22.000,0.29,252.91,-0.09,-0.28
2023-09-07T02:14:22.000,0.10,273.07,0.01,-0.10
2023-09-07T02:29:22.000,0.10,245.02,-0.04,-0.09
2023-09-07T02:44:22.000,0.05,352.48,0.05,-0.01
2023-09-07T02:59:22.000,0.69,343.16,0.66,-0.20
2023-09-07T03:14:22.000,0.66,301.37,0.34,-0.56
2023-09-07T03:29:22.000,0.25,294.74,0.11,-0.23
2023-09-07T03:44:22.000,0.24,335.52,0.22,-0.10
2023-09-07T03:59:22.000,0.58,319.62,0.44,-0.38
2023-09-07T04:14:22.000,0.22,280.70,0.04,-0.22
2023-09-07T04:29:22.000,0.91,239.04,-0.47,-0.78
2023-09-07T04:44:22.000,0.57,250.47,-0.19,-0.54
2023-09-07T04:59:22.000,0.33,282.24,0.07,-0.32
2023-09-07T05:14:22.000,0.46,255.35,-0.12,-0.44
2023-09-07T05:29:22.000,0.42,269.64,-0.00,-0.42
2023-09-07T05:44:22.000,0.45,262.43,-0.06,-0.45
2023-09-07T05:59:22.000,0.13,324.32,0.10,-0.07
2023-09-07T06:14:22.000,0.25,278.27,0.04,-0.24
2023-09-07T06:29:22.000,0.13,319.35,0.10,-0.09
2023-09-07T06:44:22.000,0.53,297.33,0.24,-0.47
2023-09-07T06:59:22.000,0.36,258.85,-0.07,-0.35
2023-09-07T07:14:22.000,0.39,263.47,-0.04,-0.39
2023-09-07T07:29:22.000,0.36,298.97,0.17,-0.31
2023-09-07T07:44:22.000,0.62,308.49,0.39,-0.49
2023-09-07T07:59:22.000,0.35,236.65,-0.19,-0.29
2023-09-07T08:14:22.000,0.59,271.86,0.02,-0.59
2023-09-07T08:29:22.000,0.58,287.42,0.17,-0.55
2023-09-07T08:44:22.000,0.15,192.52,-0.15,-0.03
2023-09-07T08:59:22.000,0.10,222.35,-0.07,-0.07
2023-09-07T09:14:22.000,0.15,234.63,-0.09,-0.12
2023-09-07T09:29:22.000,0.06,232.11,-0.04,-0.05
2023-09-07T09:44:22.000,239.88,227.83,-161.03,-177.79
2023-09-07T09:59:22.000,240.03,232.73,-145.36,-191.01
